spec,hv_original,hv_morl_cosine,hv_improvement,sparsity_original,sparsity_morl_cosine,front_size_original,front_size_morl_cosine
1,329089.6596867921,995701.3746655101,666611.714978718,0.0,177.1079387623788,1.0,7.0
2,86336.1898209805,315115.05920653185,228778.86938555137,0.0,71.02248140745763,1.0,7.0
3,134663.14902664948,534218.0344328191,399554.88540616963,0.0,48.58792755020371,1.0,7.0
4,313471.1486512553,1127057.582970488,813586.4343192326,0.0,459.37685501075293,1.0,4.0
5,122523.86396468815,541689.0997979228,419165.2358332346,0.0,81.51056226995925,1.0,7.0
6,12045.736724034621,98545.10382687899,86499.36710284436,0.0,93.27878133730779,1.0,7.0
7,411255.4687697801,1810700.5845723846,1399445.1158026045,0.0,84.44957351221679,1.0,8.0
8,146528.16953879633,689266.7387563732,542738.5692175769,0.0,62.553763417956844,1.0,7.0
9,1558232.3222286492,5235829.421848241,3677597.099619592,0.0,168.37731777661327,1.0,7.0
10,409355.18620040896,1839999.5397822452,1430644.3535818362,0.0,58.92833494516349,1.0,7.0
11,1544172.7053256272,4945649.958170632,3401477.2528450047,0.0,271.3875832136685,1.0,5.0
12,365701.3331516611,1030612.5548974317,664911.2217457707,0.0,176.21784222895002,1.0,6.0
13,958551.6874376347,2871750.990139838,1913199.3027022032,0.0,129.31152506937332,1.0,7.0
14,228473.71849271192,834185.0628509397,605711.3443582278,0.0,56.5981151586721,1.0,7.0
15,1738743.0524419683,5632861.343975856,3894118.2915338874,0.0,167.60031206021014,1.0,7.0
16,787755.9078969458,2826193.112946384,2038437.2050494384,0.0,128.82882253029723,1.0,7.0
17,232427.70961331582,1061030.7430087556,828603.0333954399,0.0,44.71945527815138,1.0,8.0
18,167252.62235506903,835141.6775938933,667889.0552388242,0.0,44.12724750547234,1.0,8.0
19,86807.57027996253,457533.21210080787,370725.6418208453,0.0,50.4894497411331,1.0,8.0
20,32643.182912831606,183632.0414220074,150988.8585091758,0.0,78.86064128785594,1.0,8.0
21,739851.7191682041,3554234.5328248427,2814382.8136566384,0.0,83.01211037195694,1.0,8.0
22,611100.4157028616,2330270.154762956,1719169.739060094,0.0,108.40341186468457,1.0,8.0
23,858470.5681517348,2737122.485617801,1878651.9174660663,0.0,126.03355543662961,1.0,8.0
24,246117.01465524803,1094535.0499194732,848418.0352642252,0.0,43.65731785100713,1.0,8.0
25,159141.78197398208,483523.344038785,324381.562064803,0.0,158.09255513626218,1.0,7.0
26,401769.11969596124,1293014.31124199,891245.1915460287,0.0,126.65058918928739,1.0,6.0
27,132199.88588952553,472844.12456575147,340644.23867622594,0.0,161.05510616408486,1.0,7.0
28,217607.7038419912,776489.5480770747,558881.8442350836,0.0,147.40193482612256,1.0,7.0
29,1225941.3564091679,4088554.0048843697,2862612.648475202,0.0,143.23303839941062,1.0,8.0
30,328675.20318857295,1241893.6526235966,913218.4494350236,0.0,154.77261100835312,1.0,7.0
31,866638.517082247,3483028.5082710455,2616389.9911887986,0.0,129.84019495049222,1.0,7.0
32,107096.72492794026,498042.45446362864,390945.7295356884,0.0,73.44589039723957,1.0,7.0
33,1026156.8402196214,4303633.730440819,3277476.890221197,0.0,141.7714190504647,1.0,9.0
34,1057820.4728441178,3853917.2740890197,2796096.801244902,0.0,136.29950771002638,1.0,7.0
35,904925.0560725598,3768682.988093307,2863757.932020747,0.0,91.18712317526223,1.0,6.0
36,112066.82250798591,522485.7241209299,410418.90161294397,0.0,46.46494439799875,1.0,7.0
37,1249547.9902598178,3492686.6401299336,2243138.649870116,0.0,171.12461079760746,1.0,7.0
38,407031.59670570836,1343287.1452055378,936255.5484998294,0.0,65.4116688809555,1.0,7.0
39,590779.8418035475,1933875.3002521708,1343095.4584486233,0.0,192.174605325932,1.0,7.0
40,1286115.5428765102,4412320.704389566,3126205.1615130557,0.0,129.95911421835092,1.0,7.0
41,1147224.852266628,4268856.747633601,3121631.8953669723,0.0,84.72194022780573,1.0,8.0
42,214058.6821784157,911081.1473073602,697022.4651289445,0.0,73.8682501846536,1.0,8.0
43,275373.5209770546,1329998.332522086,1054624.8115450316,0.0,58.632305876011664,1.0,8.0
44,337785.32999298006,1633100.1809401049,1295314.8509471249,0.0,89.39441121516847,1.0,7.0
45,1363713.3164463989,5567226.038398645,4203512.7219522465,0.0,210.54836579405892,1.0,7.0
46,679119.3860839643,2531641.746265119,1852522.3601811547,0.0,84.0079062450225,1.0,8.0
47,136507.75193134716,641235.3325063327,504727.5805749855,0.0,51.810892947715274,1.0,8.0
48,147419.0770421918,598429.0617623274,451009.98472013563,0.0,50.508582507692594,1.0,8.0
49,926234.2662596937,2547810.7085143314,1621576.4422546378,0.0,120.30852639323204,1.0,7.0
50,154705.32694824124,506541.602270369,351836.27532212774,0.0,68.66962619510296,1.0,7.0
51,134112.6561160664,469339.19807687803,335226.5419608116,0.0,84.91621977111087,1.0,8.0
52,78892.09731660661,288161.2076414321,209269.1103248255,0.0,112.08186179042913,1.0,7.0
53,6606.906454734647,75835.23822032673,69228.33176559208,0.0,124.43926854379278,1.0,8.0
54,396056.97827527905,1476508.1226482238,1080451.1443729447,0.0,97.21226804768433,1.0,7.0
55,425021.7832145891,1787906.7498003282,1362884.966585739,0.0,62.11570884663047,1.0,7.0
56,280894.9389579135,1220619.2485650254,939724.3096071118,0.0,163.89351812002266,1.0,7.0
57,301228.1920063415,1279953.0462333292,978724.8542269878,0.0,111.35230198662235,1.0,7.0
58,964217.7512317005,4229809.285401278,3265591.5341695775,0.0,127.12150454611435,1.0,7.0
59,356879.5075806505,1531368.6812445763,1174489.1736639258,0.0,109.84813628958379,1.0,5.0
60,379069.28689453594,1306479.3647475268,927410.077852991,0.0,98.0730667573033,1.0,7.0
61,359979.2393005993,1557655.316652956,1197676.0773523566,0.0,56.4476002889519,1.0,7.0
62,2044317.3306588551,5895282.7913006,3850965.4606417455,0.0,131.08898645392517,1.0,7.0
63,727821.8610336034,2390381.27488042,1662559.4138468164,0.0,104.14248992065176,1.0,7.0
64,1448840.177775101,4634765.271352492,3185925.0935773915,0.0,175.0645321954097,1.0,7.0
65,717287.389302278,2594661.8850218114,1877374.4957195334,0.0,128.4213333971781,1.0,8.0
66,1394267.2792062745,5077007.806843431,3682740.527637156,0.0,87.17961758399109,1.0,8.0
67,775900.4805889792,2890976.755712957,2115076.275123978,0.0,120.12370546791139,1.0,8.0
68,426645.83277644997,1871382.0360330532,1444736.2032566033,0.0,85.15057646026112,1.0,7.0
69,536203.8655084886,2510612.776869549,1974408.9113610603,0.0,194.8222825426294,1.0,7.0
70,546590.3272906558,2824641.658729262,2278051.3314386066,0.0,49.80522087499851,1.0,8.0
71,289691.0368491818,1277794.1944694507,988103.1576202689,0.0,46.8779239021899,1.0,8.0
72,131082.12583515586,598556.640776585,467474.51494142914,0.0,135.08071661589503,1.0,8.0
73,114243.04240903606,437432.9229682155,323189.8805591794,0.0,90.44761336920908,1.0,7.0
74,557899.5525057577,1549622.6902027377,991723.13769698,0.0,189.32691709671414,1.0,8.0
75,761579.3321016888,2323057.335690226,1561478.0035885372,0.0,76.66255071853128,1.0,8.0
76,504565.9968726028,1680092.6285099427,1175526.63163734,0.0,49.84074366353199,1.0,8.0
77,326404.03757867304,1111110.339775731,784706.302197058,0.0,115.39181944752508,1.0,6.0
78,54456.96861741774,235207.80905545867,180750.84043804093,0.0,69.27762766905134,1.0,7.0
79,830811.5589785331,2996050.200078573,2165238.6411000397,0.0,120.40427040689643,1.0,7.0
80,419105.19566707686,1774582.7890542764,1355477.5933871996,0.0,116.49131079735555,1.0,6.0
81,901828.6343224841,3810103.506005838,2908274.871683354,0.0,113.43175590985264,1.0,7.0
82,810800.42598363,3406662.955283227,2595862.529299597,0.0,145.10819040819436,1.0,7.0
83,454954.44791116635,1705885.6642222186,1250931.2163110522,0.0,103.17661095223843,1.0,6.0
84,70926.49192611189,372775.7081560022,301849.21622989036,0.0,65.36258842763519,1.0,7.0
85,61172.497740720886,256621.87826088112,195449.38052016022,0.0,95.76398305933503,1.0,7.0
86,589955.5621557621,1725691.361077725,1135735.7989219627,0.0,93.9771667928468,1.0,7.0
87,453303.6175469782,1459066.8873302985,1005763.2697833204,0.0,87.25537055649693,1.0,7.0
88,487881.3555470489,1562364.397130868,1074483.041583819,0.0,184.80187774258357,1.0,7.0
89,65331.89988471668,261264.45062370715,195932.55073899048,0.0,72.24930336502244,1.0,8.0
90,1100571.7605641112,3893100.459519963,2792528.6989558516,0.0,144.75995463765545,1.0,8.0
91,978330.9572525518,3622726.914150468,2644395.9568979163,0.0,156.062442365696,1.0,7.0
92,929662.605287859,3516686.422863038,2587023.817575179,0.0,179.71126060604888,1.0,7.0
93,674894.578854121,3137950.5432573645,2463055.9644032437,0.0,67.61486106260003,1.0,7.0
94,1304453.200299121,5309043.406609521,4004590.2063104003,0.0,127.54595182002502,1.0,8.0
95,901458.5385200746,3861565.4080328215,2960106.869512747,0.0,131.11646504412167,1.0,8.0
96,219355.90122490173,942232.8636214214,722876.9623965197,0.0,66.47764314570891,1.0,7.0
97,51532.693417607574,194707.8217177462,143175.12830013863,0.0,135.87669871903807,1.0,8.0
98,1058709.8116706559,3460306.3089900743,2401596.4973194185,0.0,256.1928641211853,1.0,7.0
99,633735.4479105172,1853693.49085918,1219958.0429486628,0.0,69.58019337630842,1.0,8.0
100,652220.9945570208,2036424.8116750645,1384203.8171180435,0.0,59.55697634425094,1.0,8.0
101,772746.6001670867,2554430.007418679,1781683.4072515923,0.0,102.84969946372293,1.0,8.0
102,124358.92107258968,464994.1904084461,340635.2693358564,0.0,119.1932775440556,1.0,7.0
103,413023.8647086994,1565174.7445235953,1152150.8798148958,0.0,99.04699619239108,1.0,7.0
104,713132.7359993621,2719243.012185035,2006110.2761856727,0.0,146.34169293319258,1.0,7.0
105,657492.8365728089,2596541.157587406,1939048.3210145973,0.0,156.17609115840676,1.0,7.0
106,75737.92554143768,392947.72272287833,317209.79718144063,0.0,129.0061260688827,1.0,7.0
107,301788.2949768078,1398343.3129244754,1096555.0179476677,0.0,94.32605376255835,1.0,9.0
108,350510.90795441,1284098.6047002634,933587.6967458534,0.0,154.98558369191034,1.0,7.0
109,828245.5977010973,3525478.7492139656,2697233.1515128682,0.0,90.57375999613055,1.0,7.0
110,1508030.8393891447,5026213.720454941,3518182.881065796,0.0,174.47596843396718,1.0,7.0
111,644690.262849682,1882616.7604954904,1237926.4976458084,0.0,199.65889663863345,1.0,8.0
112,429063.5410433633,1478632.7282875858,1049569.1872442225,0.0,64.3934230473922,1.0,7.0
113,399169.8026121406,1320662.7937564808,921492.9911443403,0.0,74.83903276247388,1.0,7.0
114,646404.1074346936,2457570.993851421,1811166.8864167272,0.0,52.35978660256171,1.0,7.0
115,641497.8536427808,2420380.502379271,1778882.6487364904,0.0,89.52595502202962,1.0,7.0
116,655326.3364517892,2506627.9624637784,1851301.626011989,0.0,123.90095232302315,1.0,7.0
117,296563.2636176037,1326306.7142897593,1029743.4506721556,0.0,97.94906497720501,1.0,7.0
118,183278.97784566737,926420.0494902472,743141.0716445798,0.0,47.75001458560304,1.0,8.0
119,273554.12802876986,1287239.5517123474,1013685.4236835776,0.0,95.92370270097446,1.0,7.0
120,873784.0147496071,3049688.9548366405,2175904.9400870334,0.0,120.63523776971938,1.0,8.0
121,652941.6298630128,2437876.1874921564,1784934.5576291436,0.0,176.44328570217013,1.0,8.0
122,353550.57746308064,1259270.927912836,905720.3504497553,0.0,95.35495689217774,1.0,8.0
123,692032.4048040961,1995130.500832199,1303098.0960281028,0.0,75.52281370088872,1.0,7.0
124,1574712.2399481987,4314738.364911714,2740026.124963515,0.0,134.6398035597661,1.0,8.0
125,951401.2581157068,2825704.539952067,1874303.2818363602,0.0,107.18844437397185,1.0,8.0
126,701316.7147995086,2194908.700806362,1493591.9860068536,0.0,122.71938247155748,1.0,7.0
127,360336.6125400907,1200982.6601025842,840646.0475624935,0.0,177.88637127644165,1.0,7.0
128,304170.9110405372,1185861.3709271888,881690.4598866516,0.0,111.65510845294183,1.0,7.0
129,537240.2324335749,2265155.6890557893,1727915.4566222145,0.0,64.70269963314125,1.0,7.0
130,318496.1690716318,1540463.264670052,1221967.0955984204,0.0,81.10167991178675,1.0,7.0
131,480321.05725663796,2239719.0054904576,1759397.9482338196,0.0,70.22669551514302,1.0,6.0
132,119368.28685394056,572479.862162899,453111.5753089584,0.0,118.41932736703336,1.0,6.0
133,827705.2237304563,3087131.4280919903,2259426.2043615337,0.0,167.8498758219767,1.0,7.0
134,1399687.677735668,4698258.351923937,3298570.6741882693,0.0,150.21379469545246,1.0,8.0
135,547304.793476689,1925817.5852426297,1378512.7917659408,0.0,143.9574764310356,1.0,8.0
136,875492.8311465529,2538388.817804362,1662895.9866578092,0.0,87.98350477869562,1.0,6.0
137,226726.97288845762,714797.0226229584,488070.0497345008,0.0,167.820225990355,1.0,7.0
138,2084968.700597375,6452318.466601784,4367349.76600441,0.0,137.3764874646849,1.0,7.0
139,652193.7632062229,2289205.01152616,1637011.248319937,0.0,106.94212093153173,1.0,7.0
140,444095.2519650266,1601215.3266724418,1157120.0747074152,0.0,163.76793932675844,1.0,7.0
141,198119.27929216414,813277.3154440544,615158.0361518903,0.0,123.08862844938311,1.0,7.0
142,357329.3824136879,1635768.7254823507,1278439.3430686628,0.0,86.08121855486911,1.0,8.0
143,236783.32608450358,1231876.0389595486,995092.712875045,0.0,66.6234348047474,1.0,8.0
144,58179.168708625075,322945.3239312602,264766.15522263513,0.0,55.78882294975576,1.0,8.0
145,953056.5959977974,3456480.6707431646,2503424.0747453673,0.0,133.02991557515526,1.0,8.0
146,1204098.0743083411,4689529.304869958,3485431.230561617,0.0,129.59185935803993,1.0,8.0
147,308255.32196896145,1246030.756959876,937775.4349909145,0.0,51.03183430333779,1.0,8.0
148,311371.5244248146,870778.054313292,559406.5298884774,0.0,153.02802021573962,1.0,8.0
149,387381.0020137055,1308881.0876388631,921500.0856251577,0.0,47.44493230469716,1.0,8.0
150,505458.45229075925,1663589.6613094555,1158131.2090186963,0.0,71.72242567132896,1.0,7.0
151,449222.72655563185,1616243.078657175,1167020.352101543,0.0,79.30757280403024,1.0,7.0
152,1018793.1971286167,3342365.2475947663,2323572.0504661496,0.0,246.57918508536014,1.0,8.0
153,262057.89094512316,1055640.3736204326,793582.4826753094,0.0,65.09891059866312,1.0,7.0
154,1233438.6689490199,4798401.332697721,3564962.663748701,0.0,156.23916728512904,1.0,7.0
155,1124764.0156685715,4756081.531536355,3631317.515867783,0.0,117.39304370534717,1.0,6.0
156,378885.632371254,1701635.6945886228,1322750.0622173687,0.0,136.68678922087045,1.0,7.0
157,349220.3426545704,1559732.1345431367,1210511.7918885662,0.0,60.47663759948536,1.0,8.0
158,313792.8231523221,1251005.7534760302,937212.9303237081,0.0,112.85812078902877,1.0,8.0
159,1117263.9495014704,3753850.931642277,2636586.9821408065,0.0,100.96382445516792,1.0,7.0
160,975078.0362316117,2616382.8208678444,1641304.7846362325,0.0,146.50541385404892,1.0,6.0
161,965348.6925247011,2862453.1257122066,1897104.4331875055,0.0,115.35920481983935,1.0,7.0
162,1774512.421961727,5377322.637800873,3602810.215839146,0.0,126.33360004449783,1.0,7.0
163,205775.45542834493,746463.770377249,540688.3149489041,0.0,78.02441718609556,1.0,7.0
164,1301497.0614658732,4456906.978582198,3155409.9171163244,0.0,158.04934443447186,1.0,7.0
165,172844.0072222428,803691.9189955771,630847.9117733344,0.0,56.70440006759231,1.0,7.0
166,1228735.2711931441,4813517.234931346,3584781.963738202,0.0,140.84787075398302,1.0,8.0
167,899168.4251835429,3528645.966679229,2629477.541495686,0.0,146.75735645225703,1.0,8.0
168,358443.26602202206,1653206.729127704,1294763.4631056818,0.0,54.738974412657925,1.0,8.0
169,456731.59064479155,2007338.70111232,1550607.1104675285,0.0,168.15382860069693,1.0,8.0
170,322809.33995438996,1240993.4397862216,918184.0998318316,0.0,136.8684836627368,1.0,8.0
171,712395.8127683641,2234696.389944029,1522300.577175665,0.0,153.20947784835025,1.0,8.0
172,1001766.1933037443,3621401.103168157,2619634.9098644126,0.0,74.29317883511362,1.0,8.0
173,1409681.7147238124,3804423.563728407,2394741.8490045946,0.0,155.93567915622833,1.0,8.0
174,312770.9816497172,920116.626399517,607345.6447497997,0.0,203.98903596931868,1.0,6.0
175,465419.7684539883,1537680.286186766,1072260.5177327779,0.0,112.17767827191385,1.0,7.0
176,316577.7725006494,1171351.467437643,854773.6949369938,0.0,59.18817444348419,1.0,7.0
177,327959.27198305493,1316142.9126638141,988183.6406807592,0.0,119.29530834975203,1.0,6.0
178,419361.52182927035,1755554.2670104492,1336192.745181179,0.0,108.22740343557932,1.0,7.0
179,283845.5688877282,1326716.5279250343,1042870.959037306,0.0,79.3383186894551,1.0,7.0
180,309126.39539694804,1388881.7635075143,1079755.3681105662,0.0,126.44197647321901,1.0,8.0
181,97659.4959825185,533272.7881772284,435613.2921947099,0.0,45.94525270163806,1.0,7.0
182,1441847.4725095024,4938652.139227587,3496804.6667180844,0.0,163.5351745561828,1.0,7.0
183,674455.8116334522,2533398.56323865,1858942.7516051978,0.0,163.1398758271197,1.0,7.0
184,287643.20356389665,1056203.9618479048,768560.7582840081,0.0,85.49444613478181,1.0,6.0
185,1711129.2293386294,4788754.930419599,3077625.7010809695,0.0,121.0138147560563,1.0,7.0
186,74409.84710494503,261440.70607075622,187030.8589658112,0.0,170.96161648374868,1.0,7.0
187,821485.8802393567,2764906.8883001497,1943421.008060793,0.0,69.27587649149864,1.0,7.0
188,1229231.6686762099,4088620.7009751545,2859389.032298945,0.0,147.03345635486917,1.0,7.0
189,600989.0897127774,2398035.460837995,1797046.3711252178,0.0,72.26471000681791,1.0,7.0
190,462335.9974631931,1808164.611666442,1345828.6142032489,0.0,129.1624492927467,1.0,8.0
191,357620.88797509676,1636713.7422015741,1279092.8542264774,0.0,77.35556009191457,1.0,8.0
192,1436442.9118891493,5734227.700079514,4297784.788190365,0.0,132.44432378686835,1.0,8.0
193,1020921.6073769267,4256399.421763135,3235477.8143862085,0.0,132.18518104480356,1.0,8.0
194,502143.95999477187,1778036.433507258,1275892.473512486,0.0,152.0293317557439,1.0,8.0
195,33774.996299312836,201956.4949471072,168181.49864779436,0.0,63.01790694793956,1.0,8.0
196,242927.56686032354,915054.7779975188,672127.2111371952,0.0,58.263385373827084,1.0,8.0
197,794354.3257380239,2777621.883927853,1983267.5581898289,0.0,129.4194440882265,1.0,7.0
198,1601817.9020994983,4417522.30726741,2815704.405167911,0.0,211.14386698970233,1.0,7.0
199,586630.1990930845,1930291.923133865,1343661.7240407804,0.0,81.27252308157664,1.0,7.0
200,873304.9068598027,2769831.674296296,1896526.7674364937,0.0,126.69418587237455,1.0,7.0
201,668084.0120091041,2331432.716084739,1663348.704075635,0.0,175.56568036381498,1.0,7.0
202,439272.6819847668,1738149.8285277057,1298877.146542939,0.0,112.37635844556758,1.0,8.0
203,440130.96751315135,1885023.6222545502,1444892.654741399,0.0,56.58972775764176,1.0,7.0
204,312277.5205602769,1351219.6335447389,1038942.112984462,0.0,167.86786170407635,1.0,7.0
205,753394.9176442326,3140087.7599919536,2386692.842347721,0.0,89.96651946328969,1.0,7.0
206,111135.44406785349,498977.5554020667,387842.1113342132,0.0,116.82711824444321,1.0,7.0
207,234675.99151760715,1107473.4666684044,872797.4751507973,0.0,48.40789222132545,1.0,7.0
208,572532.5883202773,2143046.611687773,1570514.0233674957,0.0,68.55311716160847,1.0,6.0
209,374040.57205463434,1373257.2604495387,999216.6883949044,0.0,95.16953236588263,1.0,7.0
210,941801.8342385606,2802323.8250896325,1860521.990851072,0.0,87.6596576376192,1.0,7.0
211,725329.6313098504,2332526.255843493,1607196.6245336428,0.0,77.55956977806072,1.0,7.0
212,642279.5879579552,2358010.0874302867,1715730.4994723315,0.0,64.8426992211282,1.0,7.0
213,526759.5127983921,2021174.4662911587,1494414.9534927667,0.0,94.4953212441775,1.0,7.0
214,1421435.695911094,5089112.372398419,3667676.676487325,0.0,120.10736635332974,1.0,8.0
215,233441.42302688808,1042136.3567296704,808694.9337027824,0.0,49.435672422364554,1.0,8.0
216,229155.34897605903,1075400.0970846394,846244.7481085804,0.0,49.77871573652529,1.0,8.0
217,889276.9443263806,3803224.2717185128,2913947.327392132,0.0,180.80299529303622,1.0,8.0
218,738129.5609424906,3180493.4890751042,2442363.9281326137,0.0,127.57353250884485,1.0,8.0
219,444449.3993025264,1933871.5810465196,1489422.1817439932,0.0,49.68010837890127,1.0,8.0
220,52549.30702299118,278377.42326040263,225828.11623741145,0.0,153.7667774280219,1.0,8.0
221,72973.20403777197,270351.70103170275,197378.49699393078,0.0,112.31407185484552,1.0,8.0
222,1392358.066820168,3690772.154068696,2298414.087248528,0.0,211.1965987803684,1.0,7.0
223,1055909.7500513587,3267540.4227398187,2211630.67268846,0.0,75.81849325866752,1.0,7.0
224,887310.9415448455,2993154.3732176675,2105843.4316728218,0.0,64.04049924196597,1.0,7.0
225,1317435.9251296117,4052689.7310993737,2735253.8059697617,0.0,183.26132486323135,1.0,7.0
226,485879.0082993107,1685916.0559723605,1200037.0476730498,0.0,103.13001814818192,1.0,8.0
227,96916.09381978214,391093.4568153773,294177.36299559515,0.0,155.42384184029348,1.0,7.0
228,528105.440285616,2119883.911541432,1591778.471255816,0.0,80.88144167936643,1.0,7.0
229,377590.2574771981,1851278.5262821768,1473688.2688049788,0.0,82.19512605438827,1.0,7.0
230,491040.6139371251,2002547.0841003298,1511506.4701632047,0.0,124.53673893849349,1.0,7.0
231,1098014.3883741277,4799729.982736844,3701715.594362716,0.0,215.40427866100467,1.0,6.0
232,1070580.3287735246,4111290.038146662,3040709.7093731374,0.0,116.60031220905873,1.0,6.0
233,37074.42306442674,158884.5971560209,121810.17409159416,0.0,72.31308856155206,1.0,7.0
234,1113319.2494093266,3943154.030806331,2829834.7813970046,0.0,128.13007116863167,1.0,7.0
235,476990.88863227767,1409642.264488677,932651.3758563993,0.0,368.97765636303717,1.0,5.0
236,809032.480145658,2497213.190696607,1688180.710550949,0.0,200.09000010734042,1.0,7.0
237,243047.40652688683,844104.3588852184,601056.9523583315,0.0,189.63375659326323,1.0,7.0
238,520887.35050114256,1975291.8342206965,1454404.4837195538,0.0,64.19100835198999,1.0,8.0
239,1074168.5147499486,3818472.7166464278,2744304.2018964794,0.0,145.3990459425712,1.0,8.0
240,1017452.1268398608,4029869.691618033,3012417.5647781724,0.0,79.48965006769926,1.0,8.0
241,152002.76925630323,685298.815818517,533296.0465622138,0.0,123.11655744111478,1.0,7.0
242,142302.7555403912,663466.4750454826,521163.71950509143,0.0,184.60804977034866,1.0,7.0
243,851762.2844493318,3577249.410946092,2725487.12649676,0.0,134.8068382375095,1.0,8.0
244,743253.8124059658,2838360.225928375,2095106.4135224093,0.0,87.82667826927833,1.0,8.0
245,245505.9049929244,820930.8095584329,575424.9045655085,0.0,97.2235023639817,1.0,8.0
246,1272198.8746551275,4260122.300942321,2987923.426287194,0.0,150.59544628222466,1.0,7.0
247,247720.01197423888,729222.2037097857,481502.1917355468,0.0,119.62044018358908,1.0,8.0
248,360388.7583511816,1167940.207973644,807551.4496224623,0.0,54.144239789427296,1.0,8.0
249,313760.87620352715,1017158.9149980254,703398.0387944982,0.0,69.59113420103954,1.0,8.0
250,299421.0706701334,1030887.1482479703,731466.0775778368,0.0,66.54966345104923,1.0,8.0
251,7950.658512581917,60223.196931283244,52272.538418701326,0.0,63.904282553515884,1.0,7.0
252,955020.7401449172,3476366.6007159515,2521345.8605710343,0.0,112.37285593032438,1.0,7.0
253,407805.3173918961,1931106.1074165583,1523300.7900246622,0.0,50.715456291376846,1.0,7.0
254,595518.7584843194,2616426.907299606,2020908.1488152868,0.0,136.5172483938559,1.0,7.0
255,150526.37797933273,674534.1990421931,524007.8210628604,0.0,128.3382409051435,1.0,7.0
256,294626.9894055098,1166799.005874604,872172.0164690942,0.0,80.9821572604379,1.0,6.0
257,302629.1663072365,1192677.2597623237,890048.0934550872,0.0,135.4395643060312,1.0,7.0
258,484611.1693575228,1841341.3226273102,1356730.1532697873,0.0,74.49982110971558,1.0,7.0
259,274800.8230856117,911888.9628647239,637088.1397791122,0.0,47.60275973178998,1.0,7.0
260,354890.9114225956,1189330.1993773906,834439.2879547949,0.0,96.3975771375095,1.0,6.0
261,301861.2989947738,1013379.6009233412,711518.3019285675,0.0,194.81583679962503,1.0,7.0
262,812087.0445672256,2883521.315196372,2071434.2706291466,0.0,131.16163077785382,1.0,8.0
263,156302.96061216705,645485.0183556665,489182.0577434995,0.0,47.057977606982725,1.0,8.0
264,389995.10113878985,1528664.304423963,1138669.203285173,0.0,74.88296461555862,1.0,7.0
265,305371.68900182034,1387368.456242014,1081996.7672401937,0.0,65.19270219497683,1.0,7.0
266,86072.74961143974,472807.9718339458,386735.22222250607,0.0,59.628903157421355,1.0,7.0
267,547158.6961708582,2422470.5724021597,1875311.8762313016,0.0,81.59438862174292,1.0,8.0
268,256376.9330641199,1341957.9722610058,1085581.039196886,0.0,71.93314568263345,1.0,7.0
269,1039364.0486726083,3897637.7074186835,2858273.658746075,0.0,111.44666956619797,1.0,8.0
270,305131.7260356391,1099887.1949467713,794755.4689111321,0.0,82.10072281304214,1.0,8.0
271,867200.7325201625,3232523.621718161,2365322.889197998,0.0,90.73041735018231,1.0,8.0
272,1613130.7267865755,4422226.940161371,2809096.2133747954,0.0,137.66920847023053,1.0,8.0
273,262346.77568925166,829846.2961772311,567499.5204879795,0.0,104.74092285843845,1.0,8.0
274,382011.14241947874,1324168.9741731538,942157.831753675,0.0,65.71656920880854,1.0,8.0
275,715598.3192982419,2425477.2088932353,1709878.8895949936,0.0,154.95578543589545,1.0,7.0
276,310558.81708415784,1203757.193691327,893198.3766071692,0.0,98.62725924417866,1.0,8.0
277,72582.53397784603,327364.8390822587,254782.30510441266,0.0,162.7247894311396,1.0,7.0
278,950483.7016626823,3658643.144366982,2708159.4427042995,0.0,133.18312080734762,1.0,7.0
279,812849.9059830988,3355378.633109063,2542528.727125964,0.0,133.60617455924432,1.0,7.0
280,1223452.3836438088,5394669.242949459,4171216.85930565,0.0,125.89540551213626,1.0,6.0
281,220142.82776642128,932027.4664473784,711884.6386809571,0.0,77.09835324426733,1.0,7.0
282,2098207.7084985604,6675415.52655776,4577207.8180592,0.0,177.55979305690232,1.0,7.0
283,800101.5812157026,2849848.2571462905,2049746.675930588,0.0,115.09084215435593,1.0,7.0
284,579404.6315628666,1743334.28663299,1163929.6550701233,0.0,124.99810172458996,1.0,7.0
285,559498.5504386215,1836951.75775821,1277453.2073195884,0.0,85.01117120600539,1.0,7.0
286,348277.3539367751,1270412.9505172672,922135.5965804921,0.0,52.01680269985996,1.0,8.0
287,536465.4371990279,1991846.1823425198,1455380.7451434918,0.0,58.3038869022571,1.0,7.0
288,1409841.7290791478,4803847.335982965,3394005.6069038175,0.0,150.59768855997115,1.0,7.0
289,542754.6090294396,2197303.9671996767,1654549.358170237,0.0,130.79093523028754,1.0,7.0
290,531288.6971985305,2384465.977557199,1853177.2803586684,0.0,115.6199437562185,1.0,7.0
291,851066.9209044254,3581733.4764804468,2730666.5555760213,0.0,95.66393149527521,1.0,8.0
292,1089708.9047255816,4718777.633033769,3629068.728308188,0.0,94.6633984245886,1.0,8.0
293,664896.2383598932,2438480.856910598,1773584.6185507048,0.0,151.06712599129455,1.0,7.0
294,596292.9945798008,2261162.898011915,1664869.903432114,0.0,179.04632970976803,1.0,8.0
295,332675.50156135805,1382637.070655851,1049961.5690944928,0.0,55.83441333805341,1.0,8.0
296,1133920.8038547726,3052343.9167273464,1918423.1128725738,0.0,138.1893616718346,1.0,8.0
297,1500473.004857619,4168237.163115392,2667764.158257773,0.0,134.87638530144326,1.0,8.0
298,216351.10210439045,687117.0487654887,470765.9466610982,0.0,132.21432431501663,1.0,8.0
299,178040.33953386956,651097.3135075247,473056.97397365514,0.0,69.48228063299116,1.0,7.0
300,396553.9905227829,1551449.8901072068,1154895.8995844238,0.0,64.97177188771131,1.0,7.0
301,178999.04152552446,704130.1857690348,525131.1442435103,0.0,156.59106236504834,1.0,6.0
302,226382.06541634406,898444.5348459494,672062.4694296053,0.0,163.6168288769436,1.0,7.0
303,547242.0187371331,2360876.1654581935,1813634.1467210604,0.0,92.06096791041499,1.0,7.0
304,364037.88845840486,1660936.8173570673,1296898.9288986623,0.0,109.70956513595657,1.0,5.0
305,313294.9718251032,1523199.7548134595,1209904.7829883562,0.0,78.40841366702888,1.0,7.0
306,707701.464547149,3058840.3763341485,2351138.9117869996,0.0,72.3976104292788,1.0,7.0
307,623735.07629227,2396953.641302744,1773218.565010474,0.0,79.65954839145907,1.0,8.0
308,361081.527388665,1316306.613332352,955225.0859436869,0.0,143.6631761021979,1.0,8.0
309,1408542.1951140754,3959931.1862122132,2551388.9910981376,0.0,120.08987425306475,1.0,6.0
310,345116.5425400368,1164275.5077658454,819158.9652258086,0.0,63.16533247606126,1.0,7.0
311,989843.5753994444,3247805.097155201,2257961.5217557563,0.0,107.2580660236341,1.0,7.0
312,416420.2802533886,1608962.9135602086,1192542.63330682,0.0,69.85025795439451,1.0,7.0
313,283702.55227825156,1106574.0761464396,822871.523868188,0.0,147.0326534621202,1.0,6.0
314,147950.23044381765,624854.1654500361,476903.9350062184,0.0,136.20803153009984,1.0,7.0
315,634410.0084382835,2880943.4442113093,2246533.4357730257,0.0,105.47912645929068,1.0,7.0
316,58358.62827647664,288253.30203454767,229894.67375807103,0.0,71.64641827012055,1.0,7.0
317,1037547.7266619497,4545514.046506985,3507966.3198450357,0.0,99.95068457668374,1.0,8.0
318,937923.6169341927,3417866.159164182,2479942.542229989,0.0,140.541764020704,1.0,8.0
319,580579.8603865562,2212572.958634093,1631993.0982475367,0.0,62.733145290612256,1.0,8.0
320,683866.3770091733,2865851.3611948458,2181984.9841856724,0.0,48.00025284679561,1.0,8.0
321,2567620.8432717016,6816976.327354189,4249355.484082487,0.0,135.03427733667573,1.0,8.0
322,1088995.1991245518,3202663.210045144,2113668.010920592,0.0,115.22874730643538,1.0,8.0
323,208840.01706593126,756426.736514859,547586.7194489278,0.0,57.12121450207781,1.0,7.0
324,389967.8895879541,1470462.887748915,1080494.9981609609,0.0,69.81807221349202,1.0,7.0
325,20070.34110114559,120789.50376020437,100719.16265905878,0.0,168.59799695877823,1.0,7.0
326,416608.1740329021,1677598.3201334968,1260990.1461005947,0.0,76.6380394394932,1.0,7.0
327,391452.8815903681,1710591.3196431245,1319138.4380527562,0.0,66.65835086422634,1.0,7.0
328,745642.1585155694,3213733.8186164387,2468091.6601008694,0.0,111.80179079687309,1.0,6.0
329,560342.8560355238,2402238.4374098405,1841895.5813743167,0.0,117.69963028958948,1.0,7.0
330,663920.5924195673,2538934.4428177923,1875013.850398225,0.0,132.52976830303427,1.0,8.0
331,556411.4056274937,2344015.075712904,1787603.6700854101,0.0,117.41884823055359,1.0,7.0
332,1456950.7210419287,4891051.062130942,3434100.341089013,0.0,104.30949666932322,1.0,7.0
333,89229.15342051898,287915.87776901276,198686.7243484938,0.0,56.73492173617154,1.0,6.0
334,252759.6172848161,779800.3001288397,527040.6828440236,0.0,98.23243115143536,1.0,9.0
335,47326.860320439344,200323.27577175465,152996.4154513153,0.0,97.66971449535258,1.0,7.0
336,555884.9573467354,2159305.6629746635,1603420.705627928,0.0,66.9511829207827,1.0,6.0
337,737574.8909306685,2637120.9493261324,1899546.058395464,0.0,121.54256091039248,1.0,7.0
338,714586.41345209,2880442.619920055,2165856.2064679647,0.0,98.97718824629924,1.0,7.0
339,208777.95616226757,920153.2275763403,711375.2714140727,0.0,158.73145179872265,1.0,8.0
340,66951.42584465357,343213.819744037,276262.39389938343,0.0,214.29265993966908,1.0,7.0
341,759939.5473835276,3167549.450670552,2407609.9032870242,0.0,101.20304680770985,1.0,8.0
342,579186.0065230695,2685850.397430802,2106664.390907733,0.0,91.794073083997,1.0,8.0
343,370039.4313388651,1470511.425747223,1100471.994408358,0.0,114.57722683123265,1.0,8.0
344,982247.452582247,3101345.0256540673,2119097.57307182,0.0,142.2008351375859,1.0,8.0
345,299744.1602112185,1019099.4748920549,719355.3146808364,0.0,148.45753810940272,1.0,8.0
346,1713514.023220565,4734061.009911526,3020546.986690961,0.0,160.65811880876348,1.0,8.0
347,552771.4512707015,1630557.4868366516,1077786.03556595,0.0,157.4650333358435,1.0,7.0
348,644502.1071401094,2045990.2378035004,1401488.130663391,0.0,183.3870646442726,1.0,7.0
349,137225.2178008238,507253.095178147,370027.8773773232,0.0,161.10996589685365,1.0,7.0
350,1530200.2700893073,5315454.930717703,3785254.6606283956,0.0,118.62121384614733,1.0,7.0
351,98646.8792042539,454121.7846908557,355474.9054866018,0.0,64.38970929471421,1.0,7.0
352,336126.90052574803,1520159.0652088788,1184032.1646831308,0.0,75.27191162511181,1.0,6.0
353,698408.1169630628,3007268.168576578,2308860.0516135152,0.0,96.82469679614617,1.0,8.0
354,541325.1839093436,2524506.045070721,1983180.8611613773,0.0,83.813645558029,1.0,8.0
355,371384.5276267848,1587995.224110422,1216610.6964836372,0.0,55.07720074072367,1.0,7.0
356,735786.6143362649,2317853.7834478114,1582067.1691115466,0.0,134.10404011557486,1.0,7.0
357,1425293.9236510526,4592231.337700738,3166937.414049685,0.0,178.42651075716577,1.0,6.0
358,200413.34019987404,598154.3304700997,397740.9902702257,0.0,176.37977337797514,1.0,6.0
359,235414.1617422883,817095.3057675734,581681.1440252851,0.0,53.02801644839908,1.0,7.0
360,179348.04177474498,610002.0871394734,430654.04536472843,0.0,167.59454558015213,1.0,7.0
361,410894.6169576404,1500874.975740732,1089980.3587830914,0.0,106.76524803851498,1.0,7.0
362,300253.7279626662,1250789.316599155,950535.5886364889,0.0,63.28394062046784,1.0,7.0
363,540765.4177557165,2423369.399936334,1882603.9821806177,0.0,47.886983519708174,1.0,8.0
364,30827.594741508387,178053.8994531571,147226.3047116487,0.0,121.01842017101708,1.0,8.0
365,550803.2196542164,2309163.403000309,1758360.1833460927,0.0,103.61418630085379,1.0,8.0
366,648196.8221671832,2813511.4759829226,2165314.6538157393,0.0,129.92970095546085,1.0,8.0
367,1466354.2453703417,5320859.042249722,3854504.796879381,0.0,136.80609498302687,1.0,8.0
368,744701.868875033,3223535.173335184,2478833.304460151,0.0,59.89822951226023,1.0,8.0
369,68292.22616380651,295078.44407761993,226786.21791381342,0.0,46.547953915313016,1.0,8.0
370,807525.991183789,2238669.8823723863,1431143.8911885973,0.0,109.57762277624363,1.0,8.0
371,543148.3916773925,1700605.1462558308,1157456.7545784381,0.0,67.10469031121453,1.0,7.0
372,1212769.732390501,3827182.7320860676,2614412.9996955665,0.0,85.64231948109814,1.0,7.0
373,154330.89218804592,606565.9654240421,452235.0732359962,0.0,53.972981422499466,1.0,7.0
374,353275.8395859955,1311588.9743224028,958313.1347364073,0.0,137.05318879590394,1.0,7.0
375,127709.2214152787,571658.2236823045,443949.00226702576,0.0,48.07120294097509,1.0,8.0
376,100819.6609567758,459783.72828993376,358964.067333158,0.0,185.68768668236896,1.0,7.0
377,409814.11007174064,1888375.442391294,1478561.3323195535,0.0,93.7827245130461,1.0,7.0
378,381059.6031291335,1557091.075474486,1176031.4723453524,0.0,102.52607440711843,1.0,7.0
379,377893.6527382505,1849281.2204928047,1471387.567754554,0.0,61.25050578711673,1.0,7.0
380,753088.8373994136,2795346.696862402,2042257.8594629883,0.0,132.72201057369497,1.0,7.0
381,521639.63003853586,1835089.9618145982,1313450.3317760623,0.0,84.85058811000854,1.0,6.0
382,38920.011230335476,180402.4585030533,141482.4472727178,0.0,133.41193051408584,1.0,7.0
383,1892368.3588582806,5390716.171014687,3498347.812156406,0.0,138.5020746288303,1.0,7.0
384,190602.95321568544,686075.5753972412,495472.6221815557,0.0,50.28496981843782,1.0,7.0
385,128446.8783372733,467788.1812185231,339341.3028812498,0.0,172.12760996800637,1.0,7.0
386,402955.6570330888,1591790.5953626728,1188834.938329584,0.0,98.78496666059426,1.0,6.0
387,76443.42637262796,334948.61264251306,258505.1862698851,0.0,94.15476709967704,1.0,8.0
388,691784.4525194431,2831630.7017821954,2139846.249262752,0.0,135.73604401850193,1.0,8.0
389,248475.966934399,1067696.0754332445,819220.1084988455,0.0,121.1334808177443,1.0,8.0
390,235040.38400988857,980694.7162915199,745654.3322816314,0.0,142.45325167744508,1.0,8.0
391,1092070.1927649626,4734799.908021478,3642729.7152565154,0.0,134.93962002149738,1.0,8.0
392,403428.38389775023,1613395.227289353,1209966.8433916029,0.0,78.87439282609685,1.0,8.0
393,127249.76333498528,575607.8191745798,448358.0558395945,0.0,71.0418677363791,1.0,8.0
394,723086.7901217674,2698499.0485774064,1975412.258455639,0.0,65.89097017629078,1.0,8.0
395,13188.963680854602,81991.82920882819,68802.86552797358,0.0,184.58914622200007,1.0,7.0
396,2254691.5368222822,6298631.683285821,4043940.146463539,0.0,198.68413769667703,1.0,7.0
397,233328.27949490253,782342.1526142454,549013.8731193428,0.0,87.36789305454239,1.0,7.0
398,166798.76676379782,604519.6086661996,437720.84190240176,0.0,74.36613034199277,1.0,7.0
399,169342.5681302634,654453.7286506648,485111.16052040143,0.0,71.70559721510729,1.0,8.0
400,166965.31614908378,646431.6230048958,479466.30685581197,0.0,122.3237523023631,1.0,7.0
401,421318.2897512633,1731892.8391572656,1310574.5494060023,0.0,88.54959535776429,1.0,9.0
402,45266.91334807556,256811.88399214932,211544.97064407376,0.0,151.26739653150437,1.0,7.0
403,21569.49811260663,170089.40495164075,148519.9068390341,0.0,146.49471629188983,1.0,7.0
404,673694.2827184262,2550595.4384468775,1876901.1557284514,0.0,87.18535388211986,1.0,7.0
405,173140.4777146135,689743.4151230523,516602.9374084388,0.0,118.7451264147937,1.0,6.0
406,348680.8376853745,1266916.580055697,918235.7423703223,0.0,87.71727865742146,1.0,7.0
407,496540.7142117696,1408422.4454290941,911881.7312173245,0.0,168.51486150635847,1.0,7.0
408,33387.20616873928,130128.41106676073,96741.20489802145,0.0,53.76502238749405,1.0,7.0
409,466475.6095710185,1725059.2818067484,1258583.6722357299,0.0,57.74580765984353,1.0,7.0
410,475745.5553407406,1692217.435380142,1216471.8800394014,0.0,136.18060619291248,1.0,7.0
411,1357920.921671985,4709502.403102792,3351581.481430807,0.0,129.36108521990565,1.0,8.0
412,564180.8823034145,2147666.620283265,1583485.7379798507,0.0,118.16670811642487,1.0,8.0
413,509084.2103748939,2278283.3359981664,1769199.1256232725,0.0,52.77188960114477,1.0,8.0
414,296798.9695789091,1447294.305149496,1150495.3355705868,0.0,58.54226175374674,1.0,8.0
415,137026.03333017576,623217.6203985284,486191.5870683526,0.0,152.7103529861461,1.0,7.0
416,412325.5149638368,2011911.5876332913,1599586.0726694544,0.0,65.60829466166533,1.0,8.0
417,1552349.3961660622,5756858.948323444,4204509.5521573825,0.0,109.743889377487,1.0,8.0
418,48941.37352801363,198865.843586987,149924.47005897335,0.0,71.50690468322158,1.0,8.0
419,639798.1572501797,2519767.6777231134,1879969.5204729338,0.0,75.7968001083642,1.0,7.0
420,841367.5711702312,2456449.2405689615,1615081.6693987302,0.0,114.98264777028281,1.0,7.0
421,364241.8202807333,1217908.1227029427,853666.3024222094,0.0,48.584324994989856,1.0,8.0
422,584555.9000157919,1863859.3258185873,1279303.4258027954,0.0,77.2893563494351,1.0,7.0
423,917360.9188058627,3133888.1119988714,2216527.1931930087,0.0,88.6522324051685,1.0,8.0
424,78072.70411107689,315023.3576847944,236950.6535737175,0.0,100.16778502999215,1.0,7.0
425,285361.666731785,1182585.3362177871,897223.6694860021,0.0,79.14186966830412,1.0,7.0
426,305659.85530247,1318203.0329005404,1012543.1775980704,0.0,108.35876210918815,1.0,7.0
427,827686.7045226287,3430501.5479861135,2602814.8434634847,0.0,128.34724016969133,1.0,7.0
428,538614.9943808626,2245496.949432278,1706881.9550514156,0.0,159.52459031770175,1.0,7.0
429,1020363.5904350339,3964176.1684682756,2943812.5780332414,0.0,96.04385824207506,1.0,6.0
430,126190.29174842464,594858.624128595,468668.33238017035,0.0,139.5178490922784,1.0,7.0
431,148893.35342935752,548270.9921727224,399377.63874336483,0.0,147.91911991108256,1.0,7.0
432,1012790.635574958,2909542.964797528,1896752.32922257,0.0,125.01875137915978,1.0,7.0
433,27904.27508559474,115406.83805824877,87502.56297265404,0.0,56.215168267036404,1.0,7.0
434,411685.2489850232,1362232.2380799102,950546.9890948869,0.0,183.8758644269776,1.0,7.0
435,595091.1075611581,2146892.997223238,1551801.88966208,0.0,116.70121001326548,1.0,8.0
436,506225.1856227553,1927607.3213717632,1421382.135749008,0.0,77.01798944696567,1.0,8.0
437,586666.3458200183,2135431.731646362,1548765.385826344,0.0,149.90372000570747,1.0,7.0
438,689030.9213657065,3044554.0990014127,2355523.177635706,0.0,72.56279880895062,1.0,7.0
439,343458.050085547,1633912.1136664834,1290454.0635809365,0.0,75.50032450404593,1.0,7.0
440,261592.34091984408,1176020.0740523587,914427.7331325146,0.0,72.16456038981379,1.0,8.0
441,529556.1001197655,2209859.5940409265,1680303.4939211612,0.0,53.89436393040212,1.0,8.0
442,55077.67679581452,279739.8843158535,224662.20752003894,0.0,52.1780126380415,1.0,8.0
443,1254839.8164318947,3957205.568347307,2702365.751915412,0.0,183.52761577996873,1.0,8.0
444,1426517.4076167524,3873884.5502153547,2447367.142598602,0.0,141.31828370434621,1.0,8.0
445,375403.2074287177,1200161.3151104467,824758.1076817289,0.0,58.78419858335132,1.0,8.0
446,1068084.2527386541,3246768.1904929057,2178683.9377542515,0.0,73.9172911588107,1.0,8.0
447,473962.74298081215,1653616.9388510743,1179654.195870262,0.0,75.48688513426245,1.0,8.0
448,336909.1897492024,1128529.4612874412,791620.2715382387,0.0,168.40658941610332,1.0,7.0
449,225101.69532858665,928966.2422421761,703864.5469135895,0.0,87.59540435743298,1.0,7.0
450,440044.3010627837,1630173.9259129947,1190129.624850211,0.0,161.25228330966226,1.0,7.0
451,378642.53928567003,1571076.2830599924,1192433.7437743223,0.0,91.99595731522554,1.0,7.0
452,389246.1141838168,1786483.7114808816,1397237.5972970647,0.0,71.99044048660238,1.0,7.0
453,714408.3887143848,3089583.338378163,2375174.9496637783,0.0,189.01631677214763,1.0,5.0
454,174739.60720718524,755971.7647975206,581232.1575903354,0.0,144.18959995689772,1.0,7.0
455,362996.7467099843,1314375.4493225159,951378.7026125316,0.0,80.13151264273908,1.0,7.0
456,1091568.6582479829,3894683.946241467,2803115.287993484,0.0,120.96157594632133,1.0,7.0
457,447305.55812544114,1358757.2385341506,911451.6804087094,0.0,142.59615676989796,1.0,7.0
458,212550.63058742258,728224.9511522079,515674.32056478533,0.0,94.55231512960846,1.0,7.0
459,565083.5995822842,2090905.766928902,1525822.1673466177,0.0,48.4395102768254,1.0,8.0
460,54340.19047006914,233099.39039078428,178759.19992071512,0.0,56.13309298906819,1.0,7.0
461,998828.0377458965,3612763.2244018055,2613935.186655909,0.0,146.49451193423326,1.0,7.0
462,75229.06448511142,342865.74112659716,267636.67664148577,0.0,127.91822097717841,1.0,7.0
463,107687.98116253306,481427.9760499587,373739.9948874257,0.0,83.68929832146931,1.0,6.0
464,323049.9186729142,1709163.228992291,1386113.3103193769,0.0,46.682431644621154,1.0,8.0
465,314328.2287270515,1684697.4904431691,1370369.2617161176,0.0,56.983249686666575,1.0,7.0
466,406082.4679133707,1555591.2483780792,1149508.7804647083,0.0,82.0651778348864,1.0,8.0
467,913493.3706336437,3405037.8161561913,2491544.4455225477,0.0,189.80430649887873,1.0,8.0
468,272956.65074099286,1089364.2544392939,816407.603698301,0.0,66.7349786190819,1.0,8.0
469,872622.0765200928,2337525.074793437,1464902.9982733442,0.0,145.28914483146636,1.0,7.0
470,117163.56593639581,377928.46515943384,260764.89922303802,0.0,105.73037750553833,1.0,7.0
471,287430.00278598885,964248.3800758936,676818.3772899047,0.0,58.91032484029501,1.0,8.0
472,911479.4531054847,2923158.356508437,2011678.9034029525,0.0,204.053028020663,1.0,7.0
473,1207009.1130365336,4005388.4007769865,2798379.287740453,0.0,133.58866672919268,1.0,7.0
474,1475047.691889561,5191564.022243806,3716516.3303542454,0.0,130.72546952475759,1.0,7.0
475,983190.9262520524,3770682.9929962554,2787492.0667442027,0.0,160.3574066318239,1.0,7.0
476,887145.8858956194,3870071.992222582,2982926.106326963,0.0,109.13163388538293,1.0,7.0
477,475029.1717870102,1919809.25683522,1444780.0850482096,0.0,140.0079662462096,1.0,6.0
478,219980.066203133,1066890.757847641,846910.6916445079,0.0,47.16681396069498,1.0,7.0
479,452301.42504265974,2109816.1234359774,1657514.6983933176,0.0,59.80585644225352,1.0,7.0
480,107382.66189876686,458922.9073674673,351540.2454687004,0.0,54.423093784529236,1.0,7.0
481,1048407.1583896917,2944688.921422471,1896281.763032779,0.0,179.12444331396796,1.0,8.0
482,148950.24446912907,492590.80355925753,343640.55909012846,0.0,77.58926276987918,1.0,7.0
483,121215.96533494527,409517.4658291452,288301.5004941999,0.0,126.82178496165743,1.0,7.0
484,364411.4261288723,1414084.069884443,1049672.6437555705,0.0,52.2165293944407,1.0,7.0
485,493573.07916614565,1747313.1045985308,1253740.025432385,0.0,96.30146723077615,1.0,7.0
486,915207.2444673008,3409081.9795170813,2493874.7350497805,0.0,165.27287745903925,1.0,7.0
487,676564.7639114092,2687993.0729345973,2011428.309023188,0.0,157.24751549811282,1.0,7.0
488,515557.45343235444,2408260.892995942,1892703.4395635875,0.0,58.32770874833403,1.0,8.0
489,1066003.7219618424,4466246.975252239,3400243.2532903966,0.0,97.45230481039759,1.0,8.0
490,582081.0555511123,2908319.6875128443,2326238.631961732,0.0,56.730067402358166,1.0,8.0
491,382843.9093151144,1753907.726951389,1371063.8176362747,0.0,78.48930155810751,1.0,7.0
492,563634.3470147443,1945639.6581948034,1382005.311180059,0.0,94.21800703426172,1.0,8.0
493,758919.2172025727,2695560.2621565964,1936641.0449540238,0.0,86.87793685520943,1.0,8.0
494,23692.645296026058,95058.67713673349,71366.03184070744,0.0,44.855529284766405,1.0,8.0
495,819407.6037657986,2537708.2664002306,1718300.6626344319,0.0,171.86790893167876,1.0,6.0
496,655758.6767499929,2174843.419116853,1519084.74236686,0.0,88.91645479185082,1.0,7.0
497,611180.5730375921,1938739.808294042,1327559.2352564498,0.0,187.78379438240896,1.0,7.0
498,164362.85877906033,640886.2154999841,476523.3567209238,0.0,77.45216097680577,1.0,7.0
499,1222792.1947166792,4395913.185193893,3173120.9904772136,0.0,152.1593179560324,1.0,7.0
500,198785.77570584198,934764.4640159152,735978.6883100732,0.0,89.02307745497636,1.0,6.0
501,338788.97589302226,1530125.8159488756,1191336.8400558534,0.0,100.42910945979166,1.0,6.0
502,5621.044375966023,90505.4386969188,84884.39432095278,0.0,185.06924757542652,1.0,6.0
503,1334626.0659423105,5049220.175917308,3714594.109974997,0.0,150.00071766615733,1.0,8.0
504,438332.8383008099,1808163.544779902,1369830.7064790921,0.0,117.77799310501216,1.0,8.0
505,458827.3846575281,1530938.4993780325,1072111.1147205045,0.0,141.70321028995428,1.0,7.0
506,264088.0699002972,748076.6385908925,483988.56869059533,0.0,178.04263615545443,1.0,6.0
507,362728.668922617,1192473.7466970235,829745.0777744065,0.0,65.83883405550417,1.0,7.0
508,40816.32594612208,173073.92112699643,132257.59518087434,0.0,75.41283008893338,1.0,7.0
509,712608.1416515608,2558905.2592502814,1846297.1175987206,0.0,67.18529690512695,1.0,7.0
510,136739.9247349932,563794.6243125313,427054.6995775381,0.0,81.82916492319187,1.0,7.0
511,353301.30713851313,1435880.8306957344,1082579.5235572213,0.0,125.98422723372255,1.0,7.0
512,189596.65567759116,921693.8114761378,732097.1557985467,0.0,43.65614264950892,1.0,8.0
513,192385.254649132,949549.1711090668,757163.9164599348,0.0,60.823680730537475,1.0,8.0
514,951346.6114236132,3847916.76675747,2896570.155333857,0.0,150.48990312356136,1.0,8.0
515,1018489.6646987705,3823546.0944651854,2805056.4297664147,0.0,99.32013517488978,1.0,8.0
516,967946.4203715003,3553769.2395909554,2585822.819219455,0.0,192.60596524478075,1.0,8.0
517,75309.18250057675,276461.9642504486,201152.78174987188,0.0,92.98549632601761,1.0,8.0
518,96174.12992524054,365128.11430230096,268953.98437706043,0.0,136.52763565580696,1.0,8.0
519,328996.6524397456,953261.8960699535,624265.2436302078,0.0,149.24611622228682,1.0,8.0
520,638070.5612705334,1992767.8751364828,1354697.3138659494,0.0,94.90347801520893,1.0,7.0
521,756925.431739726,2479958.6667743134,1723033.2350345873,0.0,145.3882840801537,1.0,6.0
522,292331.2897915309,1079036.2587675005,786704.9689759696,0.0,65.0959462302765,1.0,7.0
523,779314.353936314,2875353.7502061427,2096039.3962698285,0.0,159.28508962691075,1.0,7.0
524,409333.36387037,1769349.900422255,1360016.536551885,0.0,59.16322689034822,1.0,7.0
525,341505.2926211877,1527182.3236100222,1185677.0309888346,0.0,105.58418645149193,1.0,6.0
526,138115.0331377243,741060.5360694162,602945.5029316919,0.0,56.28251363504918,1.0,8.0
527,612467.5306284551,2642124.7931434554,2029657.2625150003,0.0,130.61631103874905,1.0,8.0
528,87283.16873645889,379941.9835691923,292658.8148327334,0.0,73.45278231109607,1.0,7.0
529,357613.1779934197,1282280.496219297,924667.3182258772,0.0,71.384361566719,1.0,7.0
530,450335.9949152842,1568751.3132225354,1118415.3183072512,0.0,118.84435578128951,1.0,6.0
531,637213.9380604402,1892056.9116359865,1254842.9735755464,0.0,94.5586081237859,1.0,7.0
532,709047.3485170627,2218690.699714518,1509643.3511974555,0.0,86.78657689333757,1.0,7.0
533,881262.8867671401,2899060.9813549854,2017798.0945878453,0.0,115.94293508626268,1.0,6.0
534,59560.99659829436,258333.389111043,198772.39251274866,0.0,89.63519702195306,1.0,7.0
535,295716.644034721,1258277.4784177344,962560.8343830134,0.0,58.79485200719083,1.0,7.0
536,968609.3208290654,3660110.4205881036,2691501.099759038,0.0,182.708937894397,1.0,7.0
537,7006.903958656978,79835.32458752087,72828.42062886388,0.0,62.38751745272368,1.0,8.0
538,314945.93547941576,1412068.7881389423,1097122.8526595265,0.0,91.27155019885309,1.0,8.0
539,182972.89981925036,856950.1602397435,673977.2604204932,0.0,97.56475802930001,1.0,8.0
540,131949.67191268067,563965.806956932,432016.1350442513,0.0,88.91209852929403,1.0,8.0
541,92335.5165579803,450180.35316018015,357844.8366021998,0.0,48.12483194616044,1.0,8.0
542,523067.5863020379,1683866.966803048,1160799.3805010102,0.0,156.37640357593105,1.0,8.0
543,16962.230821508903,84494.54363174374,67532.31281023484,0.0,73.59905163818347,1.0,8.0
544,962970.7332904715,2827592.6651190114,1864621.9318285398,0.0,114.42538762680549,1.0,7.0
545,319569.30407454533,989972.9253735667,670403.6212990214,0.0,177.8808618953003,1.0,7.0
546,332765.2610497567,1170676.3607480554,837911.0996982986,0.0,120.79690011572848,1.0,7.0
547,827128.4145052233,2935212.615235269,2108084.200730046,0.0,102.81036068680125,1.0,7.0
548,718670.175706127,2708458.029768147,1989787.85406202,0.0,153.85434236502974,1.0,7.0
549,1148986.0507121815,4328957.385559898,3179971.3348477166,0.0,154.84750805288442,1.0,7.0
550,485768.77466168586,2202947.6234908253,1717178.8488291395,0.0,103.39028523587066,1.0,8.0
551,37754.19176103297,216598.9562718458,178844.76451081282,0.0,48.90220205287371,1.0,7.0
552,349142.59489852743,1710711.7783438594,1361569.1834453319,0.0,61.76153794270193,1.0,7.0
553,43666.24883475677,228664.7955848499,184998.5467500931,0.0,120.7968699116612,1.0,6.0
554,25676.163716297702,127256.43238379208,101580.26866749438,0.0,72.31028953234315,1.0,6.0
555,1786725.7615427733,5973084.402693107,4186358.6411503335,0.0,202.71897505544132,1.0,9.0
556,710445.21870436,2193110.03912992,1482664.8204255598,0.0,82.1366088736318,1.0,7.0
557,299562.6335279378,1087132.3527992258,787569.719271288,0.0,50.855792672527095,1.0,7.0
558,528821.6850013044,1924451.2955094506,1395629.6105081462,0.0,71.3466181495192,1.0,7.0
559,1303651.949651154,4453972.397991167,3150320.4483400136,0.0,167.8250402813332,1.0,7.0
560,598567.9359485966,2248360.695852912,1649792.7599043155,0.0,96.98503066806215,1.0,8.0
561,139392.3620236556,600676.9642310999,461284.6022074444,0.0,82.95679003423336,1.0,8.0
562,25793.78572359979,173432.1326951151,147638.34697151533,0.0,147.65567435295063,1.0,8.0
563,278024.49259754975,1223614.5345670967,945590.041969547,0.0,95.00685725234118,1.0,8.0
564,574976.3863765475,2525256.7650465285,1950280.378669981,0.0,117.88509578329634,1.0,8.0
565,568905.2540787181,2080298.9133646803,1511393.659285962,0.0,126.20997293412488,1.0,8.0
566,1029702.3599827623,3239892.079273336,2210189.719290574,0.0,122.37317722317981,1.0,7.0
567,629546.7475679861,2504675.772930224,1875129.0253622378,0.0,55.13039529251392,1.0,8.0
568,164343.86368862813,496207.79637009493,331863.9326814668,0.0,119.84104877742044,1.0,7.0
569,1774345.1708402806,5085078.586220628,3310733.415380347,0.0,163.7649259018079,1.0,7.0
570,167878.05354999003,600283.5855248285,432405.53197483846,0.0,69.28966832800388,1.0,7.0
571,695769.043771282,2433660.1665203413,1737891.1227490595,0.0,71.45222559680853,1.0,8.0
572,273165.1911015888,1131593.6343282817,858428.443226693,0.0,46.01289806154294,1.0,8.0
573,372783.0465187529,1444137.9101468462,1071354.8636280934,0.0,195.09373737608294,1.0,7.0
574,264651.2266284724,1087488.958694825,822837.7320663526,0.0,130.64873537688175,1.0,7.0
575,112221.01315015151,613859.2804063616,501638.26725621003,0.0,46.251828252149835,1.0,7.0
576,427798.06707651174,1807150.7627064446,1379352.695629933,0.0,122.79093021933748,1.0,7.0
577,156408.74531388067,600583.7902988419,444175.0449849612,0.0,125.43450866342933,1.0,7.0
578,551143.7875655141,2062662.7620606252,1511518.974495111,0.0,165.5502603242673,1.0,6.0
579,212471.90781982345,741434.2259942337,528962.3181744103,0.0,161.94584725483875,1.0,7.0
580,1318850.7738489641,3576281.7147545116,2257430.9409055477,0.0,256.40349838589816,1.0,6.0
581,2091740.863564284,6072370.695272657,3980629.831708373,0.0,167.98856244919207,1.0,7.0
582,612080.2949724954,1952365.4335138297,1340285.1385413343,0.0,184.98456759984776,1.0,7.0
583,577229.2122652992,2123036.7374097533,1545807.525144454,0.0,86.47329605243745,1.0,7.0
584,834833.5193449444,3114875.3065647646,2280041.78721982,0.0,87.45889822205325,1.0,8.0
585,1311933.0649428177,4831244.103565035,3519311.0386222177,0.0,97.34037492009774,1.0,8.0
586,72770.87550398159,390181.8863866996,317411.010882718,0.0,47.98613600059385,1.0,8.0
587,112947.45104718996,554704.5224860649,441757.071438875,0.0,183.7326110532781,1.0,7.0
588,129968.14549619755,583525.3784895194,453557.2329933218,0.0,109.1781491220719,1.0,7.0
589,688828.7252429776,3014259.7401744793,2325431.014931502,0.0,128.93959592164336,1.0,8.0
590,653627.8619309083,2575872.7565686177,1922244.8946377095,0.0,79.81931362071263,1.0,8.0
591,1282011.8866692071,4067243.798082741,2785231.9114135336,0.0,136.16355005431973,1.0,8.0
592,103853.05030925466,434907.4285219671,331054.3782127124,0.0,72.93857803061984,1.0,7.0
593,1573329.7875922844,4345959.365495068,2772629.5779027836,0.0,199.33200320427545,1.0,7.0
594,639273.717198097,2027437.8342521712,1388164.117054074,0.0,77.05370504382226,1.0,8.0
595,1275033.518864226,3889287.4309596773,2614253.9120954513,0.0,109.03007158896526,1.0,8.0
596,898027.4246859644,3024139.8775184923,2126112.452832528,0.0,79.37244175683807,1.0,8.0
597,811226.1971380962,2707231.211138775,1896005.014000679,0.0,184.2195469752154,1.0,7.0
598,842406.0882014406,3178736.944880441,2336330.856679,0.0,146.72326145299328,1.0,6.0
599,297457.8590311112,1379063.7779594967,1081605.9189283855,0.0,90.25710418603092,1.0,7.0
600,564186.4764106906,2272368.582297056,1708182.1058863653,0.0,103.1741265422598,1.0,7.0
601,1009754.7882111168,4284487.737101564,3274732.9488904476,0.0,158.3987946211864,1.0,7.0
602,779863.4149804692,3045652.566379496,2265789.1513990266,0.0,94.35530662993266,1.0,6.0
603,1135759.5141989456,3716440.6995085115,2580681.1853095656,0.0,129.675462012785,1.0,7.0
604,143343.65944496504,613051.8388188101,469708.179373845,0.0,60.636049381365694,1.0,7.0
605,53437.38984934863,185594.2358096683,132156.84596031965,0.0,69.41926644378711,1.0,7.0
606,463506.2248452683,1489158.510760089,1025652.2859148206,0.0,127.6660560085137,1.0,7.0
607,569700.9461607754,1854982.055619541,1285281.1094587657,0.0,183.90630125708375,1.0,7.0
608,370965.3325390904,1334826.9966109379,963861.6640718475,0.0,98.12459855870975,1.0,7.0
609,117544.33955860167,486115.91560117534,368571.57604257367,0.0,137.98095742534446,1.0,8.0
610,1130957.8481913467,4001342.8187261987,2870384.970534852,0.0,168.51844366455728,1.0,7.0
611,212235.62139651086,960099.8379723552,747864.2165758443,0.0,81.314608544126,1.0,7.0
612,655494.032893213,2725493.2494428474,2069999.2165496345,0.0,171.6927392475393,1.0,7.0
613,46656.45101176221,238926.4272052668,192269.97619350458,0.0,118.44961966505032,1.0,8.0
614,841835.2389618709,3201438.104413882,2359602.865452011,0.0,78.42609373324944,1.0,8.0
615,63871.00277503128,299144.4827016341,235273.47992660283,0.0,91.64497063996089,1.0,8.0
616,1174173.4613930853,3837917.102269624,2663743.6408765386,0.0,157.49671299995046,1.0,7.0
617,358451.46924816543,1168330.1110860165,809878.6418378511,0.0,50.51725566838576,1.0,8.0
618,552776.0541635084,1684779.4143830142,1132003.3602195058,0.0,77.88397211916926,1.0,8.0
619,629455.2912103072,1951779.280966284,1322323.989755977,0.0,75.29621654726968,1.0,8.0
620,346020.88197939284,1209401.6247621218,863380.742782729,0.0,64.95001342895814,1.0,8.0
621,564522.7664309841,1955089.5359613197,1390566.7695303354,0.0,130.42643664862655,1.0,7.0
622,949691.4664830065,3390944.6438115183,2441253.177328512,0.0,164.47202484778958,1.0,7.0
623,1207753.4493546393,4544025.268153858,3336271.818799219,0.0,141.4182088113733,1.0,7.0
624,357493.1349746693,1508151.4574922067,1150658.3225175375,0.0,192.71260061308567,1.0,9.0
625,766834.0980095902,3342686.5654374505,2575852.4674278605,0.0,90.90030227884272,1.0,7.0
626,742034.8882486306,3336325.5139247174,2594290.625676087,0.0,200.51336342207594,1.0,5.0
627,447433.64406662015,1818514.3720670878,1371080.7280004676,0.0,108.84099849407666,1.0,7.0
628,543763.6976542101,1871693.244200952,1327929.5465467419,0.0,109.1102099321754,1.0,7.0
629,236839.53956899128,862004.381907683,625164.8423386917,0.0,151.9915691899039,1.0,7.0
630,79527.27402244345,277605.1534048788,198077.87938243535,0.0,129.03124672446611,1.0,6.0
631,165526.18885030376,566158.6056164056,400632.41676610184,0.0,146.5177734069827,1.0,7.0
632,995716.8181756153,3357657.275726095,2361940.4575504796,0.0,104.65681555636174,1.0,8.0
633,483194.90449678095,1664492.808451301,1181297.90395452,0.0,165.50771924579786,1.0,7.0
634,512758.03508398024,2040200.5422671356,1527442.5071831553,0.0,68.07747444016194,1.0,7.0
635,461628.56690221635,1908507.2662164185,1446878.6993142022,0.0,182.45520304986803,1.0,7.0
636,56805.49801826539,316099.1112978725,259293.61327960712,0.0,66.96253050095135,1.0,7.0
637,146955.24211859965,644965.6118989134,498010.36978031375,0.0,74.46839978581019,1.0,8.0
638,420078.71101983445,1816322.923135468,1396244.2121156335,0.0,109.48776308290569,1.0,8.0
639,786918.6599724967,2878983.805113263,2092065.1451407662,0.0,135.58155780199067,1.0,8.0
640,1054368.3472927338,3293355.524564967,2238987.177272233,0.0,158.02038557833612,1.0,8.0
641,179781.35533524267,631664.6182982235,451883.2629629808,0.0,154.126669715768,1.0,8.0
642,519316.0729694731,1493264.8477611525,973948.7747916795,0.0,81.72302610164613,1.0,8.0
643,155634.9705078079,523694.9691709272,368059.9986631193,0.0,50.60992683838294,1.0,8.0
644,855326.8736125551,2559857.151410313,1704530.2777977576,0.0,152.67175169497048,1.0,8.0
645,294402.34073017,1026272.5709578501,731870.2302276801,0.0,92.0689508375542,1.0,7.0
646,964226.4196549852,3222617.3167615826,2258390.897106597,0.0,186.63493389085923,1.0,7.0
647,978969.833995201,3635415.7668466344,2656445.9328514333,0.0,88.78039130415759,1.0,7.0
648,680155.0150968429,2761072.1714452007,2080917.156348358,0.0,75.37908563686359,1.0,7.0
649,38660.93872515221,220346.1384534152,181685.19972826296,0.0,70.14349292878364,1.0,7.0
650,53312.923504330254,286256.072896407,232943.14939207674,0.0,68.0220312768531,1.0,6.0
651,312967.5020818506,1450644.165949917,1137676.6638680664,0.0,50.160822356994224,1.0,7.0
652,143993.88490547234,733446.2848384627,589452.3999329903,0.0,50.827722616518535,1.0,7.0
653,818265.0718746616,3091190.1706518675,2272925.0987772057,0.0,78.47694462210099,1.0,7.0
654,1365387.1334207046,3941484.531557319,2576097.398136615,0.0,130.96920070753265,1.0,8.0
655,1377616.2873193675,4029328.1229897845,2651711.835670417,0.0,172.91507807930782,1.0,7.0
656,1664782.0507832328,5005129.0867581405,3340347.0359749077,0.0,174.77170954717806,1.0,7.0
657,242605.10354228795,912207.0908298368,669601.9872875488,0.0,54.18419556720922,1.0,7.0
658,501026.44846383756,1852247.8736176614,1351221.4251538238,0.0,111.57150374529299,1.0,7.0
659,205839.96386331212,809117.1935018578,603277.2296385457,0.0,126.29369374711,1.0,7.0
660,271461.6594638805,1199560.8343710995,928099.1749072189,0.0,175.31700736106256,1.0,7.0
661,1326505.489533925,5434047.317084224,4107541.827550299,0.0,121.90123047570269,1.0,8.0
662,313652.82295947126,1380959.1813186563,1067306.358359185,0.0,63.575062773977855,1.0,8.0
663,371873.12771520205,1593780.109927267,1221906.982212065,0.0,145.83046078745224,1.0,8.0
664,579632.0889263662,2116730.0236037606,1537097.9346773946,0.0,172.32351572666786,1.0,8.0
665,1413880.7675124381,4747149.202379896,3333268.4348674584,0.0,108.86717623530988,1.0,8.0
666,294220.6177992436,1047503.4734370313,753282.8556377876,0.0,106.19267776093179,1.0,8.0
667,666249.6033625938,1885779.0063834076,1219529.4030208138,0.0,91.36721967484743,1.0,8.0
668,1107084.9232002955,3370719.287370699,2263634.364170403,0.0,70.47434690404711,1.0,8.0
669,756927.7427392595,2481711.87013602,1724784.1273967603,0.0,140.344976809158,1.0,5.0
670,637124.8658132924,2217497.522647755,1580372.6568344627,0.0,182.03157695065502,1.0,7.0
671,1497879.6842240994,5118931.114688018,3621051.430463919,0.0,157.62233986788678,1.0,7.0
672,479161.4819300155,2117649.2453986877,1638487.763468672,0.0,48.08748247518137,1.0,7.0
673,1052061.7327684406,4189124.3812105805,3137062.64844214,0.0,170.3342365289125,1.0,7.0
674,960918.9075590668,3864556.6779194446,2903637.7703603776,0.0,184.91695041090708,1.0,6.0
675,280206.47338707134,1418389.108725336,1138182.6353382645,0.0,59.840880245181715,1.0,7.0
676,669849.456988314,2483304.649366187,1813455.1923778728,0.0,175.07686009544366,1.0,7.0
677,588143.8062554908,2001757.2104656617,1413613.404210171,0.0,120.41413658864056,1.0,8.0
678,245541.11780469533,926278.0281706096,680736.9103659142,0.0,73.93944667847899,1.0,7.0
679,144258.33254387387,443875.6067906151,299617.2742467412,0.0,72.57995742228887,1.0,6.0
680,532713.2154572547,1586756.8925501637,1054043.6770929089,0.0,157.13563782192344,1.0,7.0
681,1481403.4361958469,4654001.818975318,3172598.3827794716,0.0,124.70942134288988,1.0,7.0
682,675586.410164185,2296839.2267159964,1621252.8165518115,0.0,112.54386995871181,1.0,7.0
683,140826.22542104346,604190.927060084,463364.7016390405,0.0,61.82148695743221,1.0,7.0
684,183760.26990527185,746862.5972794511,563102.3273741793,0.0,157.24249060710432,1.0,7.0
685,87700.55676644747,418430.4200859985,330729.863319551,0.0,69.56940595183596,1.0,8.0
686,469092.1257046784,2276732.488238211,1807640.3625335323,0.0,55.57958534594847,1.0,8.0
687,86037.86886041175,409839.80192544474,323801.933065033,0.0,99.54455704235447,1.0,8.0
688,354244.60993711406,1448758.859756199,1094514.249819085,0.0,67.8264827841324,1.0,8.0
689,673020.5598349704,2619550.4914281825,1946529.931593212,0.0,123.23544043432749,1.0,8.0
690,1183651.4176265511,3822654.022225733,2639002.6045991816,0.0,137.73790521336042,1.0,8.0
691,69653.60623725377,225965.2036430977,156311.5974058439,0.0,111.6214312251244,1.0,8.0
692,786216.2159178599,2224465.9484046423,1438249.7324867824,0.0,117.23784250701945,1.0,8.0
693,1771421.4868658935,5119588.431896449,3348166.9450305556,0.0,168.0531133994068,1.0,7.0
694,117577.4571951208,419796.56939241325,302219.11219729244,0.0,106.84951313464569,1.0,7.0
695,803079.0847146901,2661650.5696650534,1858571.4849503632,0.0,169.94944176921047,1.0,7.0
696,128189.36353193449,531049.4665870868,402860.1030551523,0.0,108.56295738034954,1.0,7.0
697,1288141.5734813816,4929653.189299831,3641511.6158184493,0.0,142.02082434038883,1.0,7.0
698,1462959.2257030471,5751528.486409471,4288569.260706425,0.0,175.15203763208362,1.0,6.0
699,904200.8186657703,3891635.695215463,2987434.876549693,0.0,138.2134210302759,1.0,8.0
700,177665.0501178077,874421.9535783808,696756.903460573,0.0,120.96414866682063,1.0,8.0
701,744809.6182003439,2716192.5119219176,1971382.8937215735,0.0,128.15093190244357,1.0,7.0
702,722718.4343767468,2376479.957086517,1653761.5227097701,0.0,109.76006327526392,1.0,7.0
703,326979.6452093731,1292286.4610004218,965306.8157910487,0.0,72.29108701112379,1.0,6.0
704,512519.9452779935,1477722.9726891352,965203.0274111417,0.0,167.1413355980067,1.0,7.0
705,642796.2456165185,1995149.3328465708,1352353.0872300523,0.0,114.47629444144756,1.0,7.0
706,377665.68264299317,1267355.88343817,889690.2007951768,0.0,109.92274578319278,1.0,7.0
707,754875.7061124642,2738911.152217833,1984035.4461053687,0.0,97.49814308829225,1.0,7.0
708,628263.4469999765,2318494.8766039284,1690231.429603952,0.0,206.47667874875336,1.0,7.0
709,581022.8254664075,2368127.4073043047,1787104.5818378972,0.0,70.23835792860494,1.0,8.0
710,229681.01265077706,1058656.0906337362,828975.0779829591,0.0,131.04895237781753,1.0,8.0
711,666222.7129213368,2875965.27873606,2209742.5658147233,0.0,74.7199772776701,1.0,8.0
712,548584.1549772294,2279040.6829712405,1730456.527994011,0.0,188.6345357721631,1.0,8.0
713,1749288.7763334608,6214482.892603735,4465194.116270275,0.0,192.35985990739962,1.0,8.0
714,306632.96074227005,1222974.1862951017,916341.2255528315,0.0,110.80965317231377,1.0,8.0
715,954098.3806357095,3219352.6238671844,2265254.243231475,0.0,106.57927089756022,1.0,8.0
716,2534308.857737479,6780887.343251986,4246578.485514508,0.0,131.02359746090252,1.0,8.0
717,600666.7141166516,1812990.6566177704,1212323.9425011189,0.0,93.02742143098733,1.0,7.0
718,183448.29693287122,630648.9218773169,447200.6249444457,0.0,99.0300242843166,1.0,7.0
719,604420.6376565313,2010003.378709303,1405582.7410527717,0.0,108.27799769288835,1.0,7.0
720,465207.7928750322,1815209.7270131253,1350001.9341380931,0.0,55.37688542914787,1.0,7.0
721,1481724.7557176785,5500178.539390186,4018453.7836725074,0.0,163.60158589608793,1.0,7.0
722,920657.9811001777,3613666.2948340154,2693008.3137338376,0.0,151.40600200620813,1.0,6.0
723,472407.4839478169,2157269.175741482,1684861.6917936653,0.0,87.03566905811229,1.0,8.0
724,84870.66397397318,390367.6604433987,305496.9964694255,0.0,124.14485439900673,1.0,6.0
725,272172.8843125355,1032553.5374282324,760380.6531156969,0.0,90.58092833751003,1.0,7.0
726,527132.6034505946,2120524.2844456527,1593391.6809950583,0.0,89.44193372254244,1.0,7.0
727,1004552.1885144348,3287026.122720001,2282473.934205566,0.0,138.36478005263564,1.0,6.0
728,421089.015378625,1304537.2501846182,883448.2348059932,0.0,56.05941978874365,1.0,7.0
729,87709.36985327517,303953.90914744826,216244.53929417307,0.0,62.11138368905151,1.0,7.0
730,995985.5028032999,3332879.457784832,2336893.954981532,0.0,66.18654375421035,1.0,7.0
731,1068693.8917465545,3692583.3911704137,2623889.499423859,0.0,93.06425976175238,1.0,7.0
732,234276.43506127596,905657.040012733,671380.604951457,0.0,120.11432116268224,1.0,7.0
733,1629553.2178337276,5802153.751907738,4172600.5340740103,0.0,142.39860327508032,1.0,8.0
734,245771.39007268072,1069140.4366529016,823369.0465802208,0.0,57.807450775209745,1.0,8.0
735,1315464.1818442435,5328422.5588830225,4012958.3770387787,0.0,145.17877352932402,1.0,8.0
736,132640.70644453817,650268.2841423777,517627.5776978395,0.0,78.28265105207863,1.0,8.0
737,243047.03519852515,1315745.7656251492,1072698.7304266242,0.0,57.36403017309287,1.0,8.0
738,878895.68623869,3355219.5781186437,2476323.8918799534,0.0,95.59204521329855,1.0,8.0
739,340561.8245275876,1148379.1138106745,807817.2892830869,0.0,92.3332061613959,1.0,8.0
740,400615.344310361,1462705.017759887,1062089.673449526,0.0,81.23478256994834,1.0,8.0
741,817860.5568867858,2264087.157074906,1446226.6001881203,0.0,153.93716304643132,1.0,7.0
742,45944.11320375678,178014.6820468834,132070.56884312662,0.0,137.00376968929336,1.0,7.0
743,94846.09536292618,351618.71114129934,256772.61577837315,0.0,103.7472178503312,1.0,7.0
744,312476.8814024197,1160237.6668994108,847760.7854969911,0.0,81.06744330770682,1.0,6.0
745,172989.2341445499,687876.5806794899,514887.34653493995,0.0,64.04927075580594,1.0,8.0
746,888643.2443612914,3358130.1638123803,2469486.9194510886,0.0,129.8467530178584,1.0,7.0
747,390737.7783618612,1547694.8638495987,1156957.0854877376,0.0,121.05072204572326,1.0,7.0
748,25161.488590423858,162880.7825489034,137719.29395847954,0.0,172.87465666639636,1.0,7.0
749,1091803.424828809,4469963.900922971,3378160.476094162,0.0,137.06232028419885,1.0,7.0
750,1194690.005835749,4232582.971622041,3037892.965786292,0.0,159.52278651660842,1.0,7.0
751,343937.19091440784,1700329.1377751085,1356391.9468607006,0.0,54.351073926729455,1.0,6.0
752,1120397.9704312733,3687892.2682117578,2567494.2977804844,0.0,173.4550974826749,1.0,7.0
753,251304.43075316053,749420.1321704951,498115.7014173346,0.0,132.55568059779344,1.0,7.0
754,350117.6558529418,1108618.6686361677,758501.0127832259,0.0,137.18254783237498,1.0,6.0
755,915005.0594935504,3021945.9443832682,2106940.8848897177,0.0,141.54725419752188,1.0,7.0
756,281278.72598807135,1182734.8933423632,901456.1673542918,0.0,57.05673550654969,1.0,7.0
757,90102.53402684361,386577.5085429215,296474.9745160779,0.0,84.27920130561583,1.0,8.0
758,730377.502680576,2871260.402597129,2140882.899916553,0.0,77.45217919388237,1.0,8.0
759,731078.8756785524,2872377.7286013262,2141298.852922774,0.0,152.7584660384206,1.0,8.0
760,5958.389072942525,92798.81528710961,86840.42621416709,0.0,107.85840764033519,1.0,8.0
761,74380.27269028299,368014.1256214133,293633.8529311303,0.0,127.07332663447555,1.0,7.0
762,238490.30714384658,882715.8218380517,644225.514694205,0.0,113.26945905990273,1.0,8.0
763,1132332.99130913,4107409.9648805065,2975076.9735713764,0.0,153.07400594820885,1.0,8.0
764,1001836.4400335051,3182630.190921181,2180793.7508876757,0.0,149.95075648806252,1.0,8.0
765,1537464.9376071275,4097813.478021648,2560348.5404145205,0.0,155.98128532799038,1.0,7.0
766,1294704.8728254954,3617555.0421267417,2322850.1693012463,0.0,169.0688451066378,1.0,7.0
767,149925.94708339416,515916.4497141457,365990.5026307515,0.0,66.06754278039541,1.0,8.0
768,528213.2500665195,1646996.4761198307,1118783.2260533113,0.0,104.72224749227873,1.0,8.0
769,248663.32305408403,906801.9676404136,658138.6445863296,0.0,66.12669036432456,1.0,8.0
770,44234.40983763982,196735.40343361624,152500.99359597644,0.0,98.02212575209914,1.0,7.0
771,277431.38946230366,1159911.0809336829,882479.6914713793,0.0,130.90336214693977,1.0,7.0
772,649816.7430065322,2772000.0460969377,2122183.3030904057,0.0,118.14292376724165,1.0,7.0
773,273191.7477428976,1360669.208137251,1087477.4603943534,0.0,49.62427622692221,1.0,7.0
774,82933.71174537546,412156.45676961786,329222.7450242424,0.0,99.24636729963764,1.0,7.0
775,618051.846358415,2369630.2584888507,1751578.4121304357,0.0,101.79539157906788,1.0,6.0
776,912321.789321787,2941758.6008482026,2029436.8115264156,0.0,152.6320533497702,1.0,7.0
777,34629.25335309542,168873.56992384593,134244.31657075052,0.0,152.67914460499009,1.0,7.0
778,461540.35414349014,1395390.9686704082,933850.6145269182,0.0,143.4269934921203,1.0,6.0
779,558550.4988427201,1729348.5121119798,1170798.0132692596,0.0,198.82188304873932,1.0,7.0
780,170837.69952643602,623192.5279952217,452354.8284687856,0.0,117.42355080139062,1.0,6.0
781,413649.834732374,1528214.4831181378,1114564.6483857639,0.0,101.97205579066997,1.0,8.0
782,292612.4468798854,1257441.2250866415,964828.7782067561,0.0,55.30743608887137,1.0,8.0
783,232102.64718151375,900112.1097364145,668009.4625549008,0.0,184.14741049494972,1.0,9.0
784,550573.0780744124,2217930.5241665523,1667357.44609214,0.0,152.30531352304794,1.0,7.0
785,242763.27616293417,1327844.408621669,1085081.1324587348,0.0,59.62326161402475,1.0,7.0
786,82509.80430746454,411690.46377134294,329180.6594638784,0.0,121.43511513566362,1.0,7.0
787,1739490.5717475365,6217048.313508035,4477557.741760498,0.0,124.52737348823507,1.0,8.0
788,61211.963737432074,287113.90379354317,225901.94005611108,0.0,117.64219072354433,1.0,8.0
789,606425.5288483585,1985600.0935451486,1379174.5646967902,0.0,271.05925589748233,1.0,6.0
790,503631.1500391202,1572565.3319256178,1068934.1818864974,0.0,52.464026064024765,1.0,8.0
791,991871.3750199703,3131584.54041362,2139713.1653936496,0.0,51.854700289721315,1.0,8.0
792,837820.383675904,2528252.1752198567,1690431.7915439527,0.0,132.22536981265006,1.0,8.0
793,563251.1346772346,1826401.1111796198,1263149.9765023852,0.0,95.61891167338398,1.0,8.0
794,227924.00075997566,902696.1176551298,674772.1168951541,0.0,110.98841245455097,1.0,6.0
795,454294.44477046584,1792038.3167966967,1337743.872026231,0.0,202.7741793425148,1.0,6.0
796,827363.7925117925,3321121.384186433,2493757.591674641,0.0,88.04233875745385,1.0,9.0
797,95804.34754848365,507335.71967547626,411531.3721269926,0.0,38.281716266242164,1.0,8.0
798,12738.708318969964,109053.4522493466,96314.74393037664,0.0,79.02195366855057,1.0,7.0
799,951447.7511301945,3534670.6929852976,2583222.9418551032,0.0,107.96070073491182,1.0,6.0
800,412402.0182270945,1738990.5978383676,1326588.579611273,0.0,89.58456828577751,1.0,7.0
801,686925.6888987357,2584640.0762704685,1897714.3873717329,0.0,74.07094881054859,1.0,7.0
802,1027665.6242744095,2922992.501420219,1895326.8771458096,0.0,111.74273332236783,1.0,7.0
803,711572.7056643886,2236764.211617975,1525191.5059535864,0.0,110.00171696631851,1.0,7.0
804,749854.905945132,2489928.6954415035,1740073.7894963715,0.0,112.10259162140977,1.0,7.0
805,628667.7473511478,2063094.4539074905,1434426.7065563425,0.0,154.22142668022997,1.0,8.0
806,55774.63906034885,238700.8199644841,182926.18090413525,0.0,97.68765835222206,1.0,7.0
807,335662.3419860995,1370095.744743397,1034433.4027572975,0.0,82.89089757030335,1.0,7.0
808,1620025.6510664169,5926039.476317782,4306013.825251365,0.0,207.73123124680566,1.0,7.0
809,231708.6538705787,998333.5466071388,766624.8927365601,0.0,127.14153692077106,1.0,7.0
810,506413.18514251616,2216385.5049921507,1709972.3198496345,0.0,71.49708188757604,1.0,8.0
811,150461.85689304475,764047.2478416269,613585.3909485821,0.0,49.63291426737106,1.0,8.0
812,613042.2576482652,2298340.4567537718,1685298.1991055065,0.0,103.23742503015832,1.0,8.0
813,442007.9806562168,1821702.0774355154,1379694.0967792985,0.0,73.56946264176095,1.0,7.0
814,974736.5674367398,3252261.935063231,2277525.367626491,0.0,184.800933015811,1.0,8.0
815,113825.32856450626,356807.37145678006,242982.0428922738,0.0,113.74266933992699,1.0,8.0
816,520304.9812945961,1711952.605379525,1191647.624084929,0.0,69.58520966285381,1.0,7.0
817,567414.8147034853,1809799.2038211457,1242384.3891176605,0.0,84.04542494728886,1.0,8.0
818,241977.1244791616,858874.4338368253,616897.3093576637,0.0,132.65760428265529,1.0,6.0
819,52172.72334557759,221616.2774950694,169443.5541494918,0.0,394.1180293990077,1.0,5.0
820,102465.88855671167,466910.9335958116,364445.04503909993,0.0,53.63544203607049,1.0,7.0
821,43642.25035252018,230452.69232822975,186810.44197570957,0.0,174.59788162461703,1.0,7.0
822,778261.4695556533,3589114.8504238115,2810853.3808681583,0.0,150.48009809039894,1.0,7.0
823,196591.1112886461,1017387.540192747,820796.4289041009,0.0,55.84743257375162,1.0,6.0
824,1171840.5648303349,4129605.746862787,2957765.182032452,0.0,172.99056577854637,1.0,7.0
825,258088.49623842537,1315786.380907687,1057697.8846692615,0.0,49.80853991498444,1.0,7.0
826,236752.4362153245,920135.0529901695,683382.6167748449,0.0,77.38918877630438,1.0,7.0
827,559092.749577915,1767218.0963432533,1208125.3467653384,0.0,81.1681481832971,1.0,8.0
828,135274.66522840402,487828.8654357448,352554.20020734076,0.0,58.10641391344364,1.0,7.0
829,815695.945278288,2494947.5580285704,1679251.6127502825,0.0,142.32081986910762,1.0,7.0
830,549490.3252647765,2008408.566230398,1458918.2409656215,0.0,66.35057663444535,1.0,7.0
831,1089759.0930625617,3946916.939544644,2857157.8464820823,0.0,78.70301124438227,1.0,7.0
832,152129.31828415432,690984.0610470753,538854.742762921,0.0,73.80796516622668,1.0,7.0
833,136852.52867924847,599332.7424935382,462480.2138142897,0.0,159.3158349762187,1.0,6.0
834,379580.3705728812,1684424.425503492,1304844.0549306106,0.0,137.01356069875496,1.0,8.0
835,426329.68859058333,2009202.066256429,1582872.3776658457,0.0,54.86047123365718,1.0,8.0
836,1231940.914728995,4397891.537998533,3165950.623269538,0.0,118.99198713109998,1.0,8.0
837,456820.5813181551,1861785.471208746,1404964.889890591,0.0,114.15387803512495,1.0,7.0
838,370186.7581051087,1258088.629841076,887901.8717359672,0.0,122.94099699994369,1.0,8.0
839,1984273.685520784,5241987.190442302,3257713.5049215183,0.0,144.69883384386372,1.0,8.0
840,476180.2373973212,1423717.998653717,947537.7612563958,0.0,71.06871344064295,1.0,8.0
841,891085.091660226,2626691.383080197,1735606.291419971,0.0,155.97102844590862,1.0,8.0
842,1159350.2674056515,3676562.6525787488,2517212.3851730973,0.0,119.10020567464385,1.0,7.0
843,334257.78413162654,1244833.8710934336,910576.086961807,0.0,80.53874703072223,1.0,7.0
844,1155095.2902667138,4081916.77172852,2926821.481461806,0.0,140.90002864689328,1.0,7.0
845,834787.612336746,3225097.602274245,2390309.989937499,0.0,140.5426978678933,1.0,7.0
846,100271.20641062195,476735.50531604723,376464.2989054253,0.0,167.78281861723357,1.0,7.0
847,1070966.6380253118,4361797.868054399,3290831.2300290875,0.0,172.9879964862972,1.0,6.0
848,342358.20328265964,1727938.7271893246,1385580.523906665,0.0,61.74267714991942,1.0,7.0
849,645857.7740850189,2361595.4695349894,1715737.6954499707,0.0,175.52669449111434,1.0,7.0
850,237698.64767718548,930372.6179053658,692673.9702281803,0.0,74.19324773951828,1.0,8.0
851,115767.40669584542,463713.15002303023,347945.7433271848,0.0,98.84205547517172,1.0,8.0
852,377111.95535225846,1171063.227635152,793951.2722828935,0.0,65.2733404785673,1.0,6.0
853,513074.94682276645,1558716.5704119406,1045641.6235891741,0.0,133.80619897954568,1.0,7.0
854,382820.05965347297,1419278.3752732815,1036458.3156198085,0.0,49.60614522026061,1.0,7.0
855,449043.4842657245,1599911.6548431667,1150868.1705774423,0.0,87.19673060003738,1.0,7.0
856,1239281.5340371926,4326865.278431016,3087583.7443938237,0.0,163.1119276855392,1.0,7.0
857,405373.1739389137,1613062.169388501,1207688.9954495872,0.0,186.9792001469522,1.0,7.0
858,47378.13082786988,252834.80070814583,205456.66988027596,0.0,129.53205121872352,1.0,7.0
859,931471.2933268276,4012515.0620946167,3081043.768767789,0.0,92.1613756679153,1.0,8.0
860,558352.8390193846,2381216.422578515,1822863.5835591303,0.0,145.72594637229767,1.0,8.0
861,769045.2314246047,3081327.3398275524,2312282.108402948,0.0,77.77226123195383,1.0,8.0
862,142308.208454328,689883.5305966989,547575.3221423709,0.0,58.69765194861026,1.0,8.0
863,1622998.3303061612,5298852.53869081,3675854.208384649,0.0,124.69100379787741,1.0,8.0
864,1438596.5020947244,3889483.105343297,2450886.603248573,0.0,142.25193862005568,1.0,8.0
865,186353.23639767442,578710.7675798343,392357.5311821599,0.0,128.65360497323928,1.0,8.0
866,679237.7798148864,2149138.454818782,1469900.6750038955,0.0,94.27191133136493,1.0,7.0
867,247881.82895382412,900407.4866326868,652525.6576788627,0.0,70.20291393361981,1.0,7.0
868,1747913.467805923,5728150.905832109,3980237.438026186,0.0,159.1001987490496,1.0,7.0
869,1117090.4241125127,3989161.2424593098,2872070.818346797,0.0,174.43234857044604,1.0,7.0
870,970666.1298505841,3974188.74745212,3003522.6176015357,0.0,88.76033377886438,1.0,7.0
871,109482.19952672327,541674.3714424566,432192.1719157334,0.0,164.13654905484614,1.0,6.0
872,621585.0357268484,2599869.295425531,1978284.2596986825,0.0,138.6079650407773,1.0,7.0
873,701052.6546797892,2985766.5981985023,2284713.943518713,0.0,68.89220332920566,1.0,8.0
874,45403.40972828489,235245.79329818688,189842.38356990198,0.0,130.4254792301219,1.0,7.0
875,182263.79124321154,624819.9239204312,442556.13267721963,0.0,175.4446069273463,1.0,7.0
876,396992.0240770263,1733809.1110408728,1336817.0869638463,0.0,57.74321027130861,1.0,6.0
877,354890.8492042009,1084355.6451609526,729464.7959567517,0.0,92.75658325145854,1.0,7.0
878,459022.74579941534,1453151.7151129574,994128.9693135421,0.0,124.95169342761626,1.0,7.0
879,456145.1665923559,1585635.4016372033,1129490.2350448475,0.0,106.7896622700386,1.0,7.0
880,856326.951996918,2983572.265968891,2127245.313971973,0.0,183.7215443453372,1.0,7.0
881,480030.03714609507,1946598.019439473,1466567.982293378,0.0,118.0553578599687,1.0,7.0
882,499065.66907735745,2307386.287915751,1808320.6188383934,0.0,49.982363977203,1.0,8.0
883,360436.0692244502,1556623.5657565442,1196187.496532094,0.0,108.07063158311769,1.0,8.0
884,1046618.0745323192,4223342.94828451,3176724.8737521903,0.0,133.6604198086547,1.0,8.0
885,540629.7652758678,2464660.3601675625,1924030.5948916948,0.0,142.62348607120887,1.0,7.0
886,190020.09298112433,909268.6731671555,719248.5801860312,0.0,51.08220905311431,1.0,8.0
887,388032.50174552575,1291739.923161662,903707.4214161362,0.0,94.55129205640146,1.0,8.0
888,630989.766393622,2161993.648758221,1531003.882364599,0.0,106.1647698752525,1.0,8.0
889,246394.0241486244,763950.5146318257,517556.49048320134,0.0,52.31718114403957,1.0,8.0
890,128420.32773636103,411220.81736599375,282800.48962963274,0.0,129.56931449786575,1.0,7.0
891,813538.0243494972,2594172.947502873,1780634.9231533757,0.0,116.69772053559097,1.0,7.0
892,649838.1636045097,2196901.400813164,1547063.2372086546,0.0,145.04958905094747,1.0,7.0
893,527705.9152329308,1892108.8497922143,1364402.9345592835,0.0,111.69270711548164,1.0,7.0
894,888794.8574265818,3343441.7780989152,2454646.9206723333,0.0,160.60012396671826,1.0,7.0
895,231162.27181615683,1047005.9651980298,815843.693381873,0.0,78.24101738567828,1.0,7.0
896,219412.66709857163,1017851.8695215937,798439.202423022,0.0,122.45079594388118,1.0,8.0
897,388330.74233296036,1790416.7920253144,1402086.0496923542,0.0,68.14448323195252,1.0,7.0
898,1792299.8721672478,6068735.276946581,4276435.404779334,0.0,167.67196286236072,1.0,7.0
899,310700.64950773056,1230929.2913147188,920228.6418069883,0.0,122.73161656787762,1.0,7.0
900,1149172.3655121378,3715807.2263567005,2566634.8608445628,0.0,161.19168657261397,1.0,6.0
901,570468.0240405805,1675660.2516846878,1105192.2276441073,0.0,125.21616107101445,1.0,6.0
902,244576.29788879908,762694.2990899207,518118.0012011216,0.0,140.1380816568621,1.0,7.0
903,1727063.5190595123,5351409.473621285,3624345.9545617723,0.0,127.71827303466632,1.0,7.0
904,565227.973429609,1946441.798629025,1381213.825199416,0.0,212.79025258931543,1.0,7.0
905,1159965.6293563396,4159732.3151929537,2999766.685836614,0.0,142.70792250096778,1.0,7.0
906,382690.8077828277,1537378.4160357937,1154687.608252966,0.0,113.21064352742172,1.0,7.0
907,74394.88557505888,351408.4291549804,277013.54357992153,0.0,96.46201626201488,1.0,8.0
908,1037895.0776706353,4227130.602359693,3189235.5246890574,0.0,149.58762016317968,1.0,8.0
909,1220842.1788965403,5044630.405542496,3823788.2266459554,0.0,149.5225806913511,1.0,8.0
910,284455.6800767478,1399427.3791304969,1114971.699053749,0.0,87.15718542339664,1.0,8.0
911,414041.7698809386,1689612.613030151,1275570.8431492124,0.0,80.00622926994977,1.0,8.0
912,47472.25774006401,186559.32759190875,139087.06985184475,0.0,68.94472507152604,1.0,8.0
913,404412.9157455438,1650807.0467533572,1246394.1310078134,0.0,74.433730898196,1.0,7.0
914,778575.3768223212,2308842.1120925783,1530266.735270257,0.0,101.72904122067854,1.0,7.0
915,1501459.8259779252,4435319.875956873,2933860.049978948,0.0,135.70022087584127,1.0,7.0
916,791274.0990355812,2658500.5568656465,1867226.4578300654,0.0,78.47352673061559,1.0,7.0
917,1272190.554319623,4339721.478356265,3067530.9240366425,0.0,171.47399981682963,1.0,7.0
918,1063779.7446787788,3865876.7717488734,2802097.027070095,0.0,101.96703895824199,1.0,8.0
919,903616.1719630515,3325351.15387823,2421734.9819151787,0.0,161.72239002448572,1.0,7.0
920,548171.4164320163,2180899.942414983,1632728.5259829669,0.0,170.9225765645713,1.0,7.0
921,208677.99952986193,880586.4069604072,671908.4074305452,0.0,151.3353998492799,1.0,7.0
922,129462.68500769517,581576.0064213012,452113.321413606,0.0,98.07463633272731,1.0,7.0
923,138607.20611189035,583296.8775467465,444689.67143485614,0.0,91.04812439175849,1.0,7.0
924,416287.35460543813,1594975.1886964142,1178687.834090976,0.0,62.61790351849599,1.0,9.0
925,40254.9263589712,179087.02916694272,138832.10280797153,0.0,117.40001263456743,1.0,7.0
926,456112.6551253458,1374710.1153076186,918597.4601822728,0.0,90.1102365618333,1.0,7.0
927,490643.8236391004,1605984.1072534048,1115340.2836143044,0.0,68.30313491196769,1.0,7.0
928,924494.7817035941,3065967.8382265843,2141473.05652299,0.0,143.1404250710356,1.0,7.0
929,470640.1449880256,1752379.7443998915,1281739.599411866,0.0,88.51797948836706,1.0,7.0
930,684303.1257109197,2586610.5827764543,1902307.4570655345,0.0,85.07851296528618,1.0,8.0
931,68947.4074468726,318759.57435849454,249812.16691162193,0.0,71.00880451343609,1.0,8.0
932,178295.63150087517,841911.2325377956,663615.6010369204,0.0,121.90224025275269,1.0,7.0
933,582121.0985633925,2805536.9703114405,2223415.871748048,0.0,90.82517124120876,1.0,8.0
934,617067.9183803122,2529734.7501567635,1912666.8317764513,0.0,167.90617611644115,1.0,7.0
935,714204.3363943528,2533865.209240687,1819660.8728463342,0.0,143.21438076758162,1.0,8.0
936,808040.6431301931,3297838.6524753906,2489798.0093451976,0.0,74.44652686262813,1.0,8.0
937,916824.4222007802,3029240.7259826744,2112416.303781894,0.0,117.97448178560933,1.0,8.0
938,70085.28759501665,237747.81314699448,167662.52555197783,0.0,56.16755362727213,1.0,7.0
939,180580.08468017474,3914883.5174010866,3734303.4327209117,0.0,150.9131363608089,1.0,7.0
940,47657.2726202524,1827640.562306362,1779983.2896861096,0.0,70.46568022996267,1.0,7.0
941,17486.45006664751,1261027.2905909207,1243540.8405242732,0.0,49.99834809717475,1.0,8.0
942,15057.049356773749,1569436.9442174404,1554379.8948606667,0.0,102.36378609348354,1.0,7.0
943,74841.79576947218,1997622.0187232208,1922780.2229537487,0.0,197.9872042229683,1.0,7.0
944,84736.99867310227,3176613.7376869307,3091876.7390138283,0.0,126.81410043018313,1.0,7.0
945,127952.10295154556,2954493.933776532,2826541.830824986,0.0,118.7686004210185,1.0,7.0
946,219246.63800600354,3605555.9436791493,3386309.3056731457,0.0,130.3483495479454,1.0,7.0
947,63298.49377652252,1206460.1639480297,1143161.6701715072,0.0,170.4333014838658,1.0,7.0
948,165242.29314443504,3565222.64489037,3399980.3517459347,0.0,86.84534557334001,1.0,6.0
949,161103.12446313695,2700553.292966691,2539450.168503554,0.0,239.4834495419122,1.0,6.0
950,121850.94688442658,3180520.0144408764,3058669.0675564497,0.0,116.73216644769975,1.0,7.0
951,14983.91260615336,467391.5042986578,452407.5916925045,0.0,146.31296763020057,1.0,7.0
952,22482.479183952422,721738.5841869664,699256.105003014,0.0,195.64863161222755,1.0,7.0
953,8754.605364833973,544973.1528867703,536218.5475219364,0.0,142.24981974905185,1.0,7.0
954,13635.018240583751,779417.7479527713,765782.7297121875,0.0,98.47664171325619,1.0,8.0
955,2899.692404731175,562466.9178110849,559567.2254063537,0.0,42.7143692565205,1.0,8.0
956,23140.0402965421,1830188.7703482483,1807048.7300517063,0.0,51.65413485116721,1.0,8.0
957,70869.26011965651,1443580.8884201106,1372711.628300454,0.0,102.71417725245374,1.0,7.0
958,85424.40543766755,2510226.587495949,2424802.1820582817,0.0,91.48437270058817,1.0,7.0
959,165954.13392410762,3563588.237405802,3397634.1034816946,0.0,93.58527980052484,1.0,8.0
960,353348.63528421347,5587785.363384814,5234436.728100601,0.0,142.5607210580993,1.0,8.0
961,46519.07665053299,1047937.0949933378,1001418.0183428047,0.0,69.08701185419532,1.0,8.0
962,72775.1911920392,1916767.3264377369,1843992.1352456976,0.0,105.74046400788465,1.0,7.0
963,118618.71142257327,2539593.545824966,2420974.8344023926,0.0,164.19412657662036,1.0,8.0
964,13155.369711556074,458001.56811513304,444846.198403577,0.0,120.52611590384264,1.0,8.0
965,68359.52928518322,1494225.2185447083,1425865.6892595252,0.0,86.57567110562927,1.0,8.0
966,34742.20438204223,1942961.1407886466,1908218.9364066045,0.0,114.78394192369613,1.0,7.0
967,13781.185260042663,1523144.963953194,1509363.7786931514,0.0,157.06627444722068,1.0,7.0
968,35524.687036382355,996597.6685123916,961072.9814760092,0.0,150.97730072482761,1.0,7.0
969,159097.14080959378,3402091.1425810847,3242994.001771491,0.0,95.15555553267995,1.0,7.0
970,23905.07754434539,608797.7028040758,584892.6252597304,0.0,105.18235538502857,1.0,7.0
971,146135.65157750013,3234292.307528776,3088156.655951276,0.0,168.5315966889582,1.0,7.0
972,115091.81645486549,2789812.403026139,2674720.5865712734,0.0,138.55019749903485,1.0,6.0
973,94553.83638981702,2222569.135469339,2128015.299079522,0.0,91.10866086356504,1.0,7.0
974,133401.5100732671,3135261.221600789,3001859.711527522,0.0,95.84026477512386,1.0,7.0
975,73320.98261298133,2142997.761519573,2069676.778906592,0.0,158.79531902460513,1.0,7.0
976,126609.71659651697,3134002.11710701,3007392.400510493,0.0,201.2579748063557,1.0,6.0
977,628.399495144561,128957.78609879088,128329.38660364632,0.0,98.02599303998086,1.0,7.0
978,1020.9030991905032,154917.32550665634,153896.42240746584,0.0,77.54132259109151,1.0,8.0
979,35887.91842529556,2138378.715352501,2102490.7969272053,0.0,71.02073717967842,1.0,8.0
980,17169.765417567134,1360617.8084908768,1343448.0430733096,0.0,76.14392875246679,1.0,7.0
981,29906.17369035618,1900281.1034950144,1870374.9298046583,0.0,73.43781467734851,1.0,7.0
982,404172.4256552211,5947495.656454889,5543323.230799668,0.0,199.29362533575397,1.0,7.0
983,82316.40700060297,1710363.585452437,1628047.178451834,0.0,62.958343917397826,1.0,8.0
984,125112.58313332427,2554712.976896103,2429600.393762779,0.0,79.43215874797727,1.0,8.0
985,77343.13244951525,1826510.710410946,1749167.577961431,0.0,54.12682742304474,1.0,8.0
986,314066.70598417096,4762585.946335742,4448519.240351572,0.0,183.32467132599012,1.0,8.0
987,87180.64081939508,1650391.653947243,1563211.013127848,0.0,136.8355918728511,1.0,8.0
988,198134.95501445897,4346190.470530891,4148055.515516432,0.0,156.7762961352749,1.0,8.0
989,20156.81525829195,1679909.45385785,1659752.638599558,0.0,140.7819101952958,1.0,8.0
990,48717.65097129729,2057684.529173078,2008966.8782017808,0.0,63.06200867845747,1.0,8.0
991,53039.24989199535,2566492.4047286147,2513453.1548366193,0.0,85.62507844910469,1.0,7.0
992,34409.713506554814,1243718.1158930883,1209308.4023865336,0.0,88.55738757659783,1.0,7.0
993,7209.472318725009,375886.01910551,368676.54678678495,0.0,232.71414960615917,1.0,6.0
994,16089.628147226327,384747.008897923,368657.38075069664,0.0,161.4288285712575,1.0,6.0
995,63886.24522555123,1517108.0251977625,1453221.7799722112,0.0,82.10659975969749,1.0,7.0
996,178781.3883163648,3086037.8192471527,2907256.4309307877,0.0,174.0115807224743,1.0,6.0
997,54192.35365604387,1137403.0540399447,1083210.700383901,0.0,135.10877379774965,1.0,7.0
998,165018.3467222004,3330143.8061430375,3165125.459420837,0.0,171.476796069031,1.0,7.0
999,55565.25643031609,1347552.3035649383,1291987.0471346222,0.0,123.31380805450216,1.0,7.0
1000,172049.60314444202,3591858.655153169,3419809.0520087266,0.0,167.87521968253532,1.0,7.0
MEAN,544895.3875260056,2081693.8977324897,1536798.5102064842,0.0,113.33552283382511,1.0,7.269
MEDIAN,439658.4915237753,1791227.5544110057,1344745.1691220147,0.0,109.72672725672177,1.0,7.0
STD,437386.57545108045,1416798.4500826818,1029946.464395216,0.0,45.971577227862866,,
